Symbol,Name,Last Sale,Net Change,% Change,Market Cap,Country,IPO Year,Volume,Sector,Industry
AAPL,Apple Inc. Common Stock,$220.11,-0.8,-0.36%,3.35E+12,United States,1980,51541797,Technology,Computer Manufacturing
MSFT,Microsoft Corporation Common Stock,$414.20,8.48,2.09%,3.08E+12,United States,1986,19564317,Technology,Computer Software: Prepackaged Software
NVDA,NVIDIA Corporation Common Stock,$108.10,1.63,1.53%,2.65E+12,United States,1999,267513896,Technology,Semiconductors
AMZN,Amazon.com Inc. Common Stock,$179.55,4.15,2.37%,1.88E+12,United States,1997,36182842,Consumer Discretionary,Catalog/Specialty Distribution
GOOG,Alphabet Inc. Class C Capital Stock,$150.01,0.47,0.31%,1.85E+12,United States,2004,20376535,Technology,Computer Software: Programming Data Processing
GOOGL,Alphabet Inc. Class A Common Stock,$148.66,-0.05,-0.03%,1.83E+12,United States,2004,31083550,Technology,Computer Software: Programming Data Processing
META,Meta Platforms Inc. Class A Common Stock,$504.79,0,0.00%,1.28E+12,United States,2012,9891230,Technology,Computer Software: Programming Data Processing
BRK.B,Berkshire Hathaway Inc.,$458.92,-0.69,-0.15%,1.01E+12,United States,,3542366,,
BRK.A,Berkshire Hathaway Inc.,$688076.00,-1204,-0.18%,1.01E+12,United States,,1674,,
LLY,Eli Lilly and Company Common Stock,$901.25,-7.02,-0.77%,8.57E+11,United States,,1928944,Health Care,Biotechnology: Pharmaceutical Preparations
TSLA,Tesla Inc. Common Stock,$226.17,9.9,4.58%,7.23E+11,United States,2010,78606260,Consumer Discretionary,Auto Manufacturing
AVGO,Broadcom Inc. Common Stock,$148.21,7.39,5.25%,6.90E+11,United States,2009,36028347,Technology,Semiconductors
WMT,Walmart Inc. Common Stock,$78.81,1.47,1.90%,6.33E+11,United States,,17678115,Consumer Discretionary,Department/Specialty Retail Stores
JPM,JP Morgan Chase & Co. Common Stock,$205.56,-11.25,-5.19%,5.85E+11,United States,,28387891,Finance,Major Banks
UNH,UnitedHealth Group Incorporated Common Stock (DE),$599.03,4.93,0.83%,5.53E+11,United States,,2863451,Health Care,Medical Specialities
V,Visa Inc.,$285.34,-0.27,-0.10%,5.20E+11,United States,,5312469,Consumer Discretionary,Business Services
XOM,Exxon Mobil Corporation Common Stock,$110.82,-4.19,-3.64%,4.92E+11,United States,,20896376,Energy,Integrated oil Companies
MA,Mastercard Incorporated Common Stock,$488.02,0.93,0.19%,4.51E+11,United States,2006,2234040,Consumer Discretionary,Business Services
ORCL,Oracle Corporation Common Stock,$155.89,16,11.44%,4.30E+11,United States,1986,37341345,Technology,Computer Software: Prepackaged Software
PG,Procter & Gamble Company (The) Common Stock,$177.79,1.73,0.98%,4.19E+11,United States,,6395340,Consumer Discretionary,Package Goods/Cosmetics
JNJ,Johnson & Johnson Common Stock,$167.38,0.77,0.46%,4.03E+11,United States,,6559585,Health Care,Biotechnology: Pharmaceutical Preparations
COST,Costco Wholesale Corporation Common Stock,$894.29,-2.2,-0.25%,3.96E+11,United States,,1359740,Consumer Discretionary,Department/Specialty Retail Stores
HD,Home Depot Inc. (The) Common Stock,$370.87,5.35,1.46%,3.68E+11,United States,,2786727,Consumer Discretionary,RETAIL: Building Materials
ABBV,AbbVie Inc. Common Stock,$199.35,2.93,1.49%,3.52E+11,United States,2012,6332892,Health Care,Biotechnology: Pharmaceutical Preparations
KO,Coca-Cola Company (The) Common Stock,$71.55,-0.3,-0.42%,3.08E+11,United States,,10273670,Consumer Staples,Beverages (Production/Distribution)
BAC,Bank of America Corporation Common Stock,$39.28,-0.19,-0.48%,3.05E+11,United States,,53969944,Finance,Major Banks
MRK,Merck & Company Inc. Common Stock (new),$115.33,-0.08,-0.07%,2.92E+11,United States,,12729460,Health Care,Biotechnology: Pharmaceutical Preparations
NFLX,Netflix Inc. Common Stock,$673.62,-1.8,-0.27%,2.89E+11,United States,2002,2077716,Consumer Discretionary,Consumer Electronics/Video Chains
ADBE,Adobe Inc. Common Stock,$574.48,4.6,0.81%,2.55E+11,United States,1986,2028112,Technology,Computer Software: Prepackaged Software
CVX,Chevron Corporation Common Stock,$138.23,-2.07,-1.48%,2.53E+11,United States,,8181196,Energy,Integrated oil Companies
PEP,PepsiCo Inc. Common Stock,$177.81,-0.38,-0.21%,2.44E+11,United States,,4315388,Consumer Staples,Beverages (Production/Distribution)
TMO,Thermo Fisher Scientific Inc Common Stock,$624.21,3.79,0.61%,2.38E+11,United States,,1302890,Industrials,Industrial Machinery/Components
CRM,Salesforce Inc. Common Stock,$246.16,0.4,0.16%,2.35E+11,United States,2004,3543565,Technology,Computer Software: Prepackaged Software
AMD,Advanced Micro Devices Inc. Common Stock,$142.84,4.69,3.40%,2.31E+11,United States,,37147517,Technology,Semiconductors
TMUS,T-Mobile US Inc. Common Stock,$196.50,1.2,0.61%,2.29E+11,United States,,3024497,Telecommunications,Telecommunications Equipment
LIN,Linde plc Ordinary Shares,$463.72,0.64,0.14%,2.21E+11,United States,,1247093,Industrials,Major Chemicals
CCZ,Comcast Holdings ZONES,$55.82,0,0.00%,2.16E+11,United States,,18,Telecommunications,Cable & Other Pay Television Services
MCD,McDonald's Corporation Common Stock,$291.27,-0.02,-0.01%,2.09E+11,United States,,2496040,Consumer Discretionary,Restaurants
ABT,Abbott Laboratories Common Stock,$117.11,0.68,0.58%,2.04E+11,United States,,4963713,Health Care,Biotechnology: Pharmaceutical Preparations
DHR,Danaher Corporation Common Stock,$274.72,1.63,0.60%,1.98E+11,United States,,2267643,Industrials,Industrial Machinery/Components
PM,Philip Morris International Inc Common Stock,$126.75,-0.7,-0.55%,1.97E+11,United States,,4921432,Health Care, Medicinal Chemicals and Botanical Products 
CSCO,Cisco Systems Inc. Common Stock (DE),$48.79,0.09,0.19%,1.95E+11,United States,1990,11754560,Telecommunications,Computer Communications Equipment
IBM,International Business Machines Corporation Common Stock,$205.32,1.79,0.88%,1.89E+11,United States,,3067819,Technology,Computer Manufacturing
VZ,Verizon Communications Inc. Common Stock,$43.65,0.92,2.15%,1.84E+11,United States,,36944056,Telecommunications,Telecommunications Equipment
WFC,Wells Fargo & Company Common Stock,$53.95,-0.64,-1.17%,1.84E+11,United States,,24646352,Finance,Major Banks
TXN,Texas Instruments Incorporated Common Stock,$199.80,-1.37,-0.68%,1.82E+11,United States,,4859080,Technology,Semiconductors
GE,GE Aerospace Common Stock,$166.98,1.63,0.99%,1.81E+11,United States,,3472203,Technology,Consumer Electronics/Appliances
TBC,AT&T Inc. 5.625% Global Notes due 2067,$25.23,0.02,0.08%,1.81E+11,United States,2018,41565,Telecommunications,Telecommunications Equipment
QCOM,QUALCOMM Incorporated Common Stock,$161.68,0.91,0.57%,1.80E+11,United States,1991,7916035,Technology,Radio And Television Broadcasting And Communications Equipment
INTU,Intuit Inc. Common Stock,$633.62,6.63,1.06%,1.78E+11,United States,1993,1022189,Technology,Computer Software: Prepackaged Software
NOW,ServiceNow Inc. Common Stock,$860.15,4.57,0.53%,1.77E+11,United States,2012,883834,Technology,Computer Software: Prepackaged Software
AMGN,Amgen Inc. Common Stock,$328.93,3.01,0.92%,1.77E+11,United States,1983,1408415,Health Care,Biotechnology: Biological Products (No Diagnostic Substances)
TBB,AT&T Inc. 5.350% Global Notes due 2066,$24.48,0.09,0.37%,1.76E+11,United States,2017,65599,Telecommunications,Telecommunications Equipment
AXP,American Express Company Common Stock,$245.42,-5.5,-2.19%,1.74E+11,United States,,3630326,Finance,Finance: Consumer Services
ISRG,Intuitive Surgical Inc. Common Stock,$484.24,4.85,1.01%,1.72E+11,United States,2000,1006424,Health Care,Industrial Specialties
NEE,NextEra Energy Inc. Common Stock,$82.30,1.11,1.37%,1.69E+11,United States,,9587333,Technology,EDP Services
PFE,Pfizer Inc. Common Stock,$29.74,0.33,1.12%,1.69E+11,United States,,32359708,Health Care,Biotechnology: Pharmaceutical Preparations
SPGI,S&P Global Inc. Common Stock,$519.95,4.12,0.80%,1.63E+11,United States,,929977,Finance,Finance: Consumer Services
CAT,Caterpillar Inc. Common Stock,$334.16,0.12,0.04%,1.62E+11,United States,,1869175,Industrials,Construction/Ag Equipment/Trucks
DIS,Walt Disney Company (The) Common Stock,$88.40,0.06,0.07%,1.60E+11,United States,,6853584,Consumer Discretionary,Services-Misc. Amusement & Recreation
RTX,RTX Corporation Common Stock,$120.30,-0.86,-0.71%,1.60E+11,United States,,3603505,Industrials,Aerospace
MS,Morgan Stanley Common Stock,$96.62,-1.56,-1.59%,1.56E+11,United States,,7795769,Finance,Investment Bankers/Brokers/Service
T,AT&T Inc.,$21.71,0.21,0.98%,1.56E+11,United States,,60914894,Telecommunications,Telecommunications Equipment
UNP,Union Pacific Corporation Common Stock,$252.58,1.47,0.59%,1.54E+11,United States,,1694649,Industrials,Railroads
CMCSA,Comcast Corporation Class A Common Stock,$39.14,-0.58,-1.46%,1.52E+11,United States,,13751768,Telecommunications,Cable & Other Pay Television Services
GS,Goldman Sachs Group Inc. (The) Common Stock,$467.13,-21.44,-4.39%,1.48E+11,United States,1999,3581013,Finance,Investment Bankers/Brokers/Service
AMAT,Applied Materials Inc. Common Stock,$178.05,0.5,0.28%,1.47E+11,United States,1972,5365986,Technology,Semiconductors
PGR,Progressive Corporation (The) Common Stock,$249.13,-2.18,-0.87%,1.46E+11,United States,,1997339,Finance,Property-Casualty Insurers
UBER,Uber Technologies Inc. Common Stock,$68.99,-0.81,-1.16%,1.45E+11,United States,2019,20218222,Consumer Discretionary,Business Services
LOW,Lowe's Companies Inc. Common Stock,$247.38,2.65,1.08%,1.40E+11,United States,,2112853,Consumer Discretionary,RETAIL: Building Materials
SYK,Stryker Corporation Common Stock,$365.05,2.27,0.63%,1.39E+11,United States,,921021,Health Care,Medical/Dental Instruments
LMT,Lockheed Martin Corporation Common Stock,$572.19,-4.38,-0.76%,1.36E+11,United States,,756430,Industrials,Military/Government/Technical
TJX,TJX Companies Inc. (The) Common Stock,$117.83,0.76,0.65%,1.33E+11,United States,,5160157,Consumer Discretionary,Clothing/Shoe/Accessory Stores
BLK,BlackRock Inc. Common Stock,$883.83,5.89,0.67%,1.31E+11,United States,1999,269886,Finance,Investment Bankers/Brokers/Service
HON,Honeywell International Inc. Common Stock,$200.95,-0.21,-0.10%,1.31E+11,United States,,1395431,Industrials,Aerospace
BKNG,Booking Holdings Inc. Common Stock,$3834.82,31.93,0.84%,1.29E+11,United States,,174844,Consumer Discretionary,Transportation Services
ELV,Elevance Health Inc. Common Stock,$544.15,0.49,0.09%,1.26E+11,United States,,881192,Health Care,Medical Specialities
REGN,Regeneron Pharmaceuticals Inc. Common Stock,$1136.35,-8.42,-0.74%,1.25E+11,United States,1991,356458,Health Care,Biotechnology: Pharmaceutical Preparations
PLD,Prologis Inc. Common Stock,$132.40,2.15,1.65%,1.23E+11,United States,,3029093,Real Estate,Real Estate Investment Trusts
BSX,Boston Scientific Corporation Common Stock,$83.06,0.41,0.50%,1.22E+11,United States,,5088562,Health Care,Medical/Dental Instruments
VRTX,Vertex Pharmaceuticals Incorporated Common Stock,$470.78,-0.33,-0.07%,1.22E+11,United States,1991,720067,Health Care,Biotechnology: Pharmaceutical Preparations
COP,ConocoPhillips Common Stock,$104.00,-1.6,-1.52%,1.21E+11,United States,,5610493,Energy,Integrated oil Companies
NKE,Nike Inc. Common Stock,$78.09,-1.4,-1.76%,1.17E+11,United States,,9738460,Consumer Discretionary,Shoe Manufacturing
MDT,Medtronic plc. Ordinary Shares,$90.99,0.37,0.41%,1.17E+11,United States,,5627518,Health Care,Biotechnology: Electromedical & Electrotherapeutic Apparatus
SCHW,Charles Schwab Corporation (The) Common Stock,$63.06,0.05,0.08%,1.15E+11,United States,,8567564,Finance,Investment Bankers/Brokers/Service
MMC,Marsh & McLennan Companies Inc. Common Stock,$231.84,1.26,0.55%,1.14E+11,United States,,1374512,Finance,Specialty Insurers
ADP,Automatic Data Processing Inc. Common Stock,$279.26,3.67,1.33%,1.14E+11,United States,,1354244,Technology,EDP Services
AMT,American Tower Corporation (REIT) Common Stock,$242.83,4.3,1.80%,1.13E+11,United States,,2016729,Real Estate,Real Estate Investment Trusts
PANW,Palo Alto Networks Inc. Common Stock,$347.58,3.53,1.03%,1.13E+11,United States,,2321486,Technology,Computer peripheral equipment
UPS,United Parcel Service Inc. Common Stock,$129.83,0.95,0.74%,1.11E+11,United States,1999,2589812,Industrials,Trucking Freight/Courier Services
C,Citigroup Inc. Common Stock,$57.95,-1.59,-2.67%,1.11E+11,United States,,22471739,Finance,Major Banks
ADI,Analog Devices Inc. Common Stock,$218.72,0.16,0.07%,1.09E+11,United States,,2048886,Technology,Semiconductors
DE,Deere & Company Common Stock,$387.30,0.07,0.02%,1.06E+11,United States,,1041577,Industrials,Industrial Machinery/Components
SBUX,Starbucks Corporation Common Stock,$93.34,1.13,1.23%,1.06E+11,United States,1992,7319407,Consumer Discretionary,Restaurants
SIRI,SiriusXM Holdings Inc. Common Stock,$27.38,0.68,2.55%,1.05E+11,United States,,15687736,Consumer Discretionary,Broadcasting
KKR,KKR & Co. Inc. Common Stock,$118.06,-0.4,-0.34%,1.05E+11,United States,,2015054,Finance,Investment Managers
ANET,Arista Networks Inc. Common Stock,$326.75,1.98,0.61%,1.03E+11,United States,2014,1149629,Telecommunications,Computer Communications Equipment
BX,Blackstone Inc. Common Stock,$142.21,2.44,1.75%,1.02E+11,United States,2007,2684404,Finance,Investment Managers
GILD,Gilead Sciences Inc. Common Stock,$81.44,2.27,2.87%,1.01E+11,United States,1992,6867386,Health Care,Biotechnology: Biological Products (No Diagnostic Substances)
MDLZ,Mondelez International Inc. Class A Common Stock,$75.13,-0.58,-0.77%,1.00E+11,United States,,4770068,Consumer Staples,Packaged Foods
CI,The Cigna Group Common Stock,$358.10,0.49,0.14%,1.00E+11,United States,,868397,Health Care,Medical Specialities
BMY,Bristol-Myers Squibb Company Common Stock,$49.28,0.78,1.61%,99910034372,United States,,8624444,Health Care,Biotechnology: Pharmaceutical Preparations
HCA,HCA Healthcare Inc. Common Stock,$386.43,1.48,0.38%,99727342605,United States,2011,911995,Health Care,Hospital/Nursing Management
FI,Fiserv Inc. Common Stock,$172.40,-0.04,-0.02%,99255022756,United States,,1597478,Consumer Discretionary,Business Services
BA,Boeing Company (The) Common Stock,$160.07,-2.84,-1.74%,98629878102,United States,,6355227,Industrials,Aerospace
SO,Southern Company (The) Common Stock,$89.64,0.32,0.36%,98116872665,United States,,4104505,Utilities,Electric Utilities: Central
MU,Micron Technology Inc. Common Stock,$86.85,0.58,0.67%,96302869163,United States,,16967240,Technology,Semiconductors
KLAC,KLA Corporation Common Stock,$713.46,3.57,0.50%,95906876196,United States,1980,778400,Technology,Electronic Components
LRCX,Lam Research Corporation Common Stock,$731.56,-2.75,-0.38%,95012086560,United States,1984,1350616,Technology,Industrial Machinery/Components
SHW,Sherwin-Williams Company (The) Common Stock,$371.85,7.95,2.19%,93801999716,United States,,1480656,Consumer Discretionary,RETAIL: Building Materials
ICE,Intercontinental Exchange Inc. Common Stock,$161.97,0.27,0.17%,92993794155,United States,2005,2008517,Finance,Investment Bankers/Brokers/Service
MO,Altria Group Inc.,$54.08,-0.05,-0.09%,92272611658,United States,,6118247,Health Care, Medicinal Chemicals and Botanical Products 
DUK,Duke Energy Corporation (Holding Company) Common Stock,$116.93,-0.23,-0.20%,90293545483,United States,,2593955,Utilities,Power Generation
MCO,Moody's Corporation Common Stock,$484.14,1.89,0.39%,88161894000,United States,,687693,Finance,Finance: Consumer Services
CL,Colgate-Palmolive Company Common Stock,$106.84,-0.27,-0.25%,87297590572,United States,,4201118,Consumer Discretionary,Package Goods/Cosmetics
ZTS,Zoetis Inc. Class A Common Stock,$191.36,-0.37,-0.19%,86695837446,United States,2013,2675605,Health Care,Biotechnology: Pharmaceutical Preparations
WM,Waste Management Inc. Common Stock,$208.25,-0.21,-0.10%,83573812723,United States,,2150583,Utilities,Environmental Services
GD,General Dynamics Corporation Common Stock,$302.40,0.84,0.28%,83092739890,United States,,1040448,Industrials,Marine Transportation
CTAS,Cintas Corporation Common Stock,$816.42,11.7,1.45%,82269770647,United States,1983,274929,Consumer Discretionary,Apparel
EQIX,Equinix Inc. Common Stock REIT,$864.78,32.98,3.97%,82106531911,United States,2000,598601,Real Estate,Real Estate Investment Trusts
INTC,Intel Corporation Common Stock,$18.98,-0.09,-0.47%,81158480000,United States,,55440431,Technology,Semiconductors
CME,CME Group Inc. Class A Common Stock,$218.48,-0.06,-0.03%,78673944057,United States,2002,2148670,Finance,Investment Bankers/Brokers/Service
WELL,Welltower Inc. Common Stock,$129.02,1.69,1.33%,78592214450,United States,,2505784,Real Estate,Real Estate Investment Trusts
PLTR,Palantir Technologies Inc. Class A Common Stock,$34.76,0.16,0.46%,77843413532,United States,2020,91124674,Technology,Computer Software: Prepackaged Software
TRI,Thomson Reuters Corp Common Shares,$171.45,2.85,1.69%,77103227156,United States,,320518,Consumer Discretionary,Publishing
AON,Aon plc Class A Ordinary Shares (Ireland),$351.06,0.57,0.16%,76265033041,United States,,656061,Finance,Specialty Insurers
NOC,Northrop Grumman Corporation Common Stock,$519.97,-4.24,-0.81%,76043149922,United States,,561549,Industrials,Industrial Machinery/Components
DELL,Dell Technologies Inc. Class C Common Stock ,$106.64,0.75,0.71%,75640192743,United States,2018,9209361,Technology,Computer Manufacturing
PH,Parker-Hannifin Corporation Common Stock,$581.10,0.9,0.16%,74726978122,United States,,438172,Industrials,Metal Fabrications
CMG,Chipotle Mexican Grill Inc. Common Stock,$54.21,-0.08,-0.15%,74239293960,United States,2006,8363276,Consumer Discretionary,Restaurants
ABNB,Airbnb Inc. Class A Common Stock,$115.12,-1.24,-1.07%,73863693291,United States,2020,4078864,Finance,Diversified Commercial Services
SCCO,Southern Copper Corporation Common Stock,$94.35,-1,-1.05%,73702376275,United States,,1243675,Basic Materials,Metal Mining
TDG,Transdigm Group Incorporated Common Stock,$1310.75,7.98,0.61%,73548008375,United States,2006,126158,Industrials,Military/Government/Technical
ITW,Illinois Tool Works Inc. Common Stock,$247.57,0.83,0.34%,73503533000,United States,,811372,Industrials,Industrial Machinery/Components
APH,Amphenol Corporation Common Stock,$60.79,0.06,0.10%,73208716213,United States,,3989657,Technology,Electrical Products
MSI,Motorola Solutions Inc. Common Stock,$438.10,-0.77,-0.18%,73093041662,United States,,761702,Technology,Radio And Television Broadcasting And Communications Equipment
CVS,CVS Health Corporation Common Stock,$56.94,0.47,0.83%,71629339634,United States,,5112766,Consumer Staples,Retail-Drug Stores and Proprietary Stores
SNPS,Synopsys Inc. Common Stock,$465.50,1.34,0.29%,71507197832,United States,1992,985050,Technology,Computer Software: Prepackaged Software
MMM,3M Company Common Stock,$130.09,1.63,1.27%,71465412556,United States,,2732340,Health Care,Medical/Dental Instruments
ECL,Ecolab Inc. Common Stock,$250.70,1.51,0.61%,71333580331,United States,,597277,Consumer Discretionary,Package Goods/Cosmetics
PNC,PNC Financial Services Group Inc. (The) Common Stock,$178.78,-3.83,-2.10%,71064382257,United States,,2628519,Finance,Major Banks
PYPL,PayPal Holdings Inc. Common Stock,$68.85,-0.5,-0.72%,70387654108,United States,,12315513,Consumer Discretionary,Business Services
USB,U.S. Bancorp Common Stock,$45.03,-0.23,-0.51%,70269946906,United States,,7000606,Finance,Major Banks
CDNS,Cadence Design Systems Inc. Common Stock,$255.85,3.04,1.20%,70056847000,United States,,1744683,Technology,Computer Software: Prepackaged Software
FDX,FedEx Corporation Common Stock,$283.85,0.55,0.19%,69345192527,United States,,940051,Consumer Discretionary,Air Freight/Delivery Services
TGT,Target Corporation Common Stock,$148.01,-2.58,-1.71%,68184457315,United States,,4102677,Consumer Discretionary,Department/Specialty Retail Stores
BDX,Becton Dickinson and Company Common Stock,$235.69,-1.53,-0.65%,68124407498,United States,,1235055,Health Care,Medical/Dental Instruments
WDAY,Workday Inc. Class A Common Stock,$255.58,2.06,0.81%,67728700000,United States,,1801765,Technology,EDP Services
EOG,EOG Resources Inc. Common Stock,$118.97,-1.53,-1.27%,67646290962,United States,,3928839,Energy,Oil & Gas Production
MCK,McKesson Corporation Common Stock,$505.73,-3.69,-0.72%,65581428846,United States,,1114393,Health Care,Other Pharmaceuticals
ORLY,O'Reilly Automotive Inc. Common Stock,$1129.43,5.41,0.48%,65513337092,United States,1993,229872,Consumer Discretionary,Auto & Home Supply Stores
AJG,Arthur J. Gallagher & Co. Common Stock,$298.82,-0.12,-0.04%,65471462000,United States,,742288,Finance,Specialty Insurers
CSX,CSX Corporation Common Stock,$33.51,-0.25,-0.74%,64967166040,United States,,9706982,Industrials,Railroads
CARR,Carrier Global Corporation Common Stock ,$71.83,1.1,1.56%,64844671060,United States,2020,3076601,Industrials,Industrial Machinery/Components
RSG,Republic Services Inc. Common Stock,$206.31,1.01,0.49%,64795428291,United States,1998,704790,Utilities,Environmental Services
MAR,Marriott International Class A Common Stock,$225.67,-2.92,-1.28%,63531242603,United States,,1755169,Consumer Discretionary,Hotels/Resorts
PSA,Public Storage Common Stock,$359.14,7.64,2.17%,62856117155,United States,,845032,Real Estate,Real Estate Investment Trusts
EPD,Enterprise Products Partners L.P. Common Stock,$28.96,0.13,0.45%,62851935494,United States,,3230833,Utilities,Natural Gas Distribution
APD,Air Products and Chemicals Inc. Common Stock,$275.23,1.41,0.52%,61187620385,United States,,771392,Industrials,Major Chemicals
DHI,D.R. Horton Inc. Common Stock,$187.53,0.01,0.01%,61142299203,United States,,1705982,Consumer Discretionary,Homebuilding
APO,Apollo Global Management Inc. (New) Common Stock,$106.74,-0.85,-0.79%,60792088087,United States,,3774932,Finance,Investment Managers
AFL,AFLAC Incorporated Common Stock,$108.44,-0.96,-0.88%,60729253165,United States,,2335467,Finance,Accident &Health Insurance
CRWD,CrowdStrike Holdings Inc. Class A Common Stock,$247.74,1.16,0.47%,60727619291,United States,2019,2197116,Technology,Computer Software: Prepackaged Software
ROP,Roper Technologies Inc. Common Stock,$552.33,-1.06,-0.19%,59209038639,United States,1992,314353,Industrials,Industrial Machinery/Components
NEM,Newmont Corporation,$51.30,0.58,1.14%,58863122474,United States,,5546057,Basic Materials,Precious Metals
NSC,Norfolk Southern Corporation Common Stock,$257.37,0.56,0.22%,58190438961,United States,,1112365,Industrials,Railroads
FTNT,Fortinet Inc. Common Stock,$76.07,0.97,1.29%,58186550419,United States,2009,3853486,Technology,Computer peripheral equipment
FCX,Freeport-McMoRan Inc. Common Stock,$40.41,0.01,0.03%,58063363730,United States,,9557535,Basic Materials,Metal Mining
EMR,Emerson Electric Company Common Stock,$99.10,-0.48,-0.48%,56754570000,United States,,3004711,Technology,Consumer Electronics/Appliances
PCG,Pacific Gas & Electric Co. Common Stock,$19.65,-0.16,-0.81%,56583738374,United States,,23545692,Utilities,Power Generation
CEG,Constellation Energy Corporation Common Stock ,$180.25,5.33,3.05%,56362206670,United States,,2301401,Utilities,Electric Utilities: Central
TFC,Truist Financial Corporation Common Stock,$41.92,-0.68,-1.60%,56136892963,United States,,9250543,Finance,Major Banks
GEV,GE Vernova Inc. Common Stock,$202.01,0.2,0.10%,55512758888,United States,2024,1894652,,
ADSK,Autodesk Inc. Common Stock,$257.61,1.94,0.76%,55386150000,United States,,1895771,Technology,Computer Software: Prepackaged Software
AEP,American Electric Power Company Inc. Common Stock,$103.23,-0.43,-0.42%,54930747084,United States,,2932036,Utilities,Electric Utilities: Central
MPC,Marathon Petroleum Corporation Common Stock,$163.54,0.29,0.18%,54734229537,United States,,2800444,Energy,Integrated oil Companies
O,Realty Income Corporation Common Stock,$62.81,-0.05,-0.08%,54699194458,United States,,2554984,Real Estate,Real Estate Investment Trusts
WMB,Williams Companies Inc. (The) Common Stock,$44.79,0.27,0.61%,54595928045,United States,,4512016,Utilities,Natural Gas Distribution
TRV,The Travelers Companies Inc. Common Stock,$238.85,-2.25,-0.93%,54441423011,United States,,1463923,Finance,Property-Casualty Insurers
ET,Energy Transfer LP Common Units ,$15.83,0.02,0.13%,54173961956,United States,,12225124,Utilities,Natural Gas Distribution
OKE,ONEOK Inc. Common Stock,$91.72,-0.32,-0.35%,53571260309,United States,,3441374,Utilities,Oil & Gas Production
AZO,AutoZone Inc. Common Stock,$3132.27,11.77,0.38%,53507973279,United States,,97232,Consumer Discretionary,Auto & Home Supply Stores
SPG,Simon Property Group Inc. Common Stock,$163.96,2.03,1.25%,53458073077,United States,,1154959,Real Estate,Real Estate Investment Trusts
PSX,Phillips 66 Common Stock,$126.88,-1.09,-0.85%,53108057939,United States,,4468930,Energy,Integrated oil Companies
COF,Capital One Financial Corporation Common Stock,$137.99,-4.61,-3.23%,52692329587,United States,1994,7077612,Finance,Major Banks
MET,MetLife Inc. Common Stock,$74.63,-0.85,-1.13%,52265243182,United States,2000,3087123,Finance,Life Insurance
CCI,Crown Castle Inc. Common Stock,$119.94,2.4,2.04%,52122001722,United States,,3262321,Real Estate,Real Estate Investment Trusts
SRE,DBA Sempra Common Stock,$82.08,-0.86,-1.04%,51968613420,United States,,3041660,Utilities,Natural Gas Distribution
HLT,Hilton Worldwide Holdings Inc. Common Stock ,$210.65,-4.29,-2.00%,51909867983,United States,2016,2052389,Consumer Discretionary,Hotels/Resorts
DASH,DoorDash Inc. Class A Common Stock,$125.81,1.2,0.96%,51776014476,United States,,2298483,Consumer Discretionary,Business Services
DLR,Digital Realty Trust Inc. Common Stock,$156.76,7.42,4.97%,51324955571,United States,2004,1794676,Real Estate,Real Estate Investment Trusts
KDP,Keurig Dr Pepper Inc. Common Stock,$37.20,-0.07,-0.19%,50446413224,United States,,4292029,Consumer Staples,Beverages (Production/Distribution)
GM,General Motors Company Common Stock,$44.82,-2.58,-5.44%,50374189374,United States,2010,18914548,Consumer Discretionary,Auto Manufacturing
ROST,Ross Stores Inc. Common Stock,$150.79,0.3675,0.24%,50299760076,United States,1985,2779997,Consumer Discretionary,Clothing/Shoe/Accessory Stores
BK,The Bank of New York Mellon Corporation Common Stock,$67.51,-0.21,-0.31%,49819510757,United States,,4944735,Finance,Major Banks
PCAR,PACCAR Inc. Common Stock,$94.57,-0.4,-0.42%,49575658085,United States,,1894243,Consumer Discretionary,Auto Manufacturing
LEN,Lennar Corporation Class A Common Stock,$180.23,0.03,0.02%,49491888112,United States,,1630682,Consumer Discretionary,Homebuilding
MNST,Monster Beverage Corporation,$50.33,-0.41,-0.81%,49300447859,United States,,5371836,Consumer Staples,Beverages (Production/Distribution)
KMB,Kimberly-Clark Corporation Common Stock,$146.25,-0.93,-0.63%,49257647449,United States,,1498564,Consumer Discretionary,Containers/Packaging
TTD,The Trade Desk Inc. Class A Common Stock,$99.71,0.39,0.39%,49015229418,United States,2016,1940383,Technology,Computer Software: Programming Data Processing
ALL,Allstate Corporation (The) Common Stock,$184.87,-2.33,-1.25%,48813183688,United States,,1298116,Finance,Property-Casualty Insurers
D,Dominion Energy Inc. Common Stock,$57.71,0.34,0.59%,48415135006,United States,,2789059,Utilities,Electric Utilities: Central
PAYX,Paychex Inc. Common Stock,$134.12,1.9,1.44%,48300221303,United States,1983,1225995,Consumer Discretionary,Diversified Commercial Services
GWW,W.W. Grainger Inc. Common Stock,$977.68,5.54,0.57%,47735913309,United States,,172392,Industrials,Office Equipment/Supplies/Services
CPRT,Copart Inc. (DE) Common Stock,$49.51,0.09,0.18%,47643354325,United States,1994,4154939,Consumer Discretionary,Retail-Auto Dealers and Gas Stations
KMI,Kinder Morgan Inc. Common Stock,$21.12,0,0.00%,46875050429,United States,2011,9043040,Utilities,Natural Gas Distribution
COR,Cencora Inc. Common Stock,$237.53,1,0.42%,46804532580,United States,,1615023,Health Care,Other Pharmaceuticals
URI,United Rentals Inc. Common Stock,$704.07,8.13,1.17%,46564282695,United States,1997,511814,Consumer Discretionary,Diversified Commercial Services
AIG,American International Group Inc. New Common Stock,$72.31,-0.51,-0.70%,46564128193,United States,,4717048,Finance,Life Insurance
OXY,Occidental Petroleum Corporation Common Stock,$51.39,-0.79,-1.51%,46539591851,United States,,13607592,Energy,Oil & Gas Production
CHTR,Charter Communications Inc. Class A Common Stock New,$323.39,-1.45,-0.45%,46161072464,United States,,745677,Telecommunications,Cable & Other Pay Television Services
FIS,Fidelity National Information Services Inc. Common Stock,$83.42,1.03,1.25%,45511109797,United States,,2980524,Consumer Discretionary,Business Services
STZ,Constellation Brands Inc. Common Stock,$249.49,-1.4,-0.56%,45461561834,United States,,1230284,Consumer Staples,Beverages (Production/Distribution)
SE,Sea Limited American Depositary Shares each representing one Class A Ordinary Share,$77.48,0.57,0.74%,44499863742,United States,2017,2527885,Consumer Discretionary,Other Consumer Services
MSCI,MSCI Inc. Common Stock,$562.35,4.01,0.72%,44228816815,United States,,404999,Consumer Discretionary,Business Services
KVUE,Kenvue Inc. Common Stock,$23.05,-0.15,-0.65%,44144607556,United States,2023,15021169,Consumer Discretionary,Specialty Chemicals
FICO,Fair Isaac Corproation Common Stock,$1797.28,20.79,1.17%,44066668990,United States,,100315,Consumer Discretionary,Business Services
ARES,Ares Management Corporation Class A Common Stock,$140.09,0.01,0.01%,43847268241,United States,2014,1156466,Finance,Investment Managers
MPLX,MPLX LP Common Units Representing Limited Partner Interests,$42.75,0.18,0.42%,43629989000,United States,2012,1281904,Energy,Natural Gas Distribution
VLO,Valero Energy Corporation Common Stock,$136.09,1.93,1.44%,43600580748,United States,,3027864,Energy,Integrated oil Companies
LHX,L3Harris Technologies Inc. Common Stock,$227.89,-1.38,-0.60%,43231915749,United States,,570269,Industrials,Industrial Machinery/Components
KHC,The Kraft Heinz Company Common Stock,$35.52,-0.53,-1.47%,42946482421,United States,,4666902,Consumer Staples,Packaged Foods
IQV,IQVIA Holdings Inc. Common Stock,$235.20,-5.67,-2.35%,42876960000,United States,2013,2371420,Health Care,Biotechnology: Commercial Physical & Biological Resarch
AMP,Ameriprise Financial Inc. Common Stock,$434.06,-2.29,-0.53%,42619770194,United States,,347758,Finance,Investment Managers
GIS,General Mills Inc. Common Stock,$74.83,-0.32,-0.43%,41766040262,United States,,3270811,Consumer Staples,Packaged Foods
HUM,Humana Inc. Common Stock,$346.42,2.66,0.77%,41709543404,United States,,1162945,Health Care,Medical Specialities
MPWR,Monolithic Power Systems Inc. Common Stock,$847.70,11.69,1.40%,41327070400,United States,2004,388495,Technology,Semiconductors
NDAQ,Nasdaq Inc. Common Stock,$71.75,0.1,0.14%,41323719180,United States,,2671997,Finance,Investment Bankers/Brokers/Service
CPNG,Coupang Inc. Class A Common Stock,$23.00,0.59,2.63%,41255200993,United States,2021,6844188,Consumer Discretionary,Catalog/Specialty Distribution
HSY,The Hershey Company Common Stock,$202.83,-0.42,-0.21%,41030032040,United States,,1173081,Consumer Staples,Specialty Foods
F,Ford Motor Company Common Stock,$10.32,-0.34,-3.19%,41024576749,United States,,62907536,Consumer Discretionary,Auto Manufacturing
ODFL,Old Dominion Freight Line Inc. Common Stock,$191.16,1.38,0.73%,40964928880,United States,1991,1001908,Industrials,Trucking Freight/Courier Services
PRU,Prudential Financial Inc. Common Stock,$114.68,-0.27,-0.24%,40940760000,United States,2001,1277489,Finance,Life Insurance
IDXX,IDEXX Laboratories Inc. Common Stock,$495.95,15.61,3.25%,40819610113,United States,1991,476717,Health Care,Biotechnology: In Vitro & In Vivo Diagnostic Substances
RCL,Royal Caribbean Cruises Ltd. Common Stock,$158.30,-1.96,-1.22%,40749639980,United States,1993,2146350,Consumer Discretionary,Marine Transportation
CMI,Cummins Inc. Common Stock,$295.22,-1.59,-0.54%,40459206052,United States,,528277,Industrials,Industrial Machinery/Components
EW,Edwards Lifesciences Corporation Common Stock,$67.14,1.43,2.18%,40445136000,United States,,5696712,Health Care,Industrial Specialties
MCHP,Microchip Technology Incorporated Common Stock,$75.19,-0.22,-0.29%,40339816740,United States,1993,4748179,Technology,Semiconductors
LNG,Cheniere Energy Inc. Common Stock,$177.77,-0.72,-0.40%,40224575920,United States,2001,1081683,Utilities,Oil/Gas Transmission
PEG,Public Service Enterprise Group Incorporated Common Stock,$80.65,0.23,0.29%,40176738524,United States,,1935895,Utilities,Power Generation
A,Agilent Technologies Inc. Common Stock,$138.03,-0.06,-0.04%,39659838428,United States,1999,1357676,Industrials,Biotechnology: Laboratory Analytical Instruments
COIN,Coinbase Global Inc. Class A Common Stock,$158.46,3.41,2.20%,39373779036,United States,,5798245,Finance,Finance: Consumer Services
FAST,Fastenal Company Common Stock,$68.67,0.58,0.85%,39323607962,United States,1987,2196932,Consumer Discretionary,RETAIL: Building Materials
EXC,Exelon Corporation Common Stock,$39.05,0.32,0.83%,39069454983,United States,,7849058,Utilities,Power Generation
GEHC,GE HealthCare Technologies Inc. Common Stock ,$85.55,0.43,0.51%,39067455744,United States,,1558857,Health Care,Medical Electronics
HES,Hess Corporation Common Stock,$126.53,-2.35,-1.82%,38985779436,United States,,1166116,Energy,Integrated oil Companies
VRSK,Verisk Analytics Inc. Common Stock,$273.60,0.35,0.13%,38967156058,United States,2009,666571,Technology,EDP Services
SYY,Sysco Corporation Common Stock,$78.50,0.09,0.12%,38584365844,United States,,2783249,Consumer Discretionary,Food Distributors
IT,Gartner Inc. Common Stock,$499.57,6.74,1.37%,38496621409,United States,1993,255960,Consumer Discretionary,Other Consumer Services
CTVA,Corteva Inc. Common Stock ,$55.38,-0.42,-0.75%,38336638860,United States,2019,2525130,Consumer Staples,Farming/Seeds/Milling
AME,AMETEK Inc.,$164.94,0.64,0.39%,38189542067,United States,,797897,Industrials,Industrial Machinery/Components
HWM,Howmet Aerospace Inc. Common Stock,$93.15,-0.54,-0.58%,38018856442,United States,,2120856,Industrials,Metal Fabrications
EA,Electronic Arts Inc. Common Stock,$143.80,-0.5,-0.35%,37991950078,United States,,1205626,Technology,Computer Software: Prepackaged Software
CTSH,Cognizant Technology Solutions Corporation Class A Common Stock,$76.55,0.42,0.55%,37942618063,United States,1998,1928161,Technology,EDP Services
SQ,Block Inc. Class A Common Stock,$61.37,0.06,0.10%,37782133650,United States,2015,7276450,Technology,Computer Software: Prepackaged Software
KR,Kroger Company (The) Common Stock,$52.30,0.33,0.64%,37749660357,United States,,4034133,Consumer Staples,Food Chains
EXR,Extra Space Storage Inc Common Stock,$177.45,2.71,1.55%,37606746928,United States,2004,837081,Real Estate,Real Estate Investment Trusts
RKT,Rocket Companies Inc. Class A Common Stock,$18.86,-0.24,-1.26%,37520993524,United States,2020,2832643,Finance,Finance: Consumer Services
YUM,Yum! Brands Inc.,$132.89,-0.15,-0.11%,37364017116,United States,,2174285,Consumer Discretionary,Restaurants
CNC,Centene Corporation Common Stock,$71.00,0.16,0.23%,37348130000,United States,,4411594,Health Care,Medical Specialities
HBANL,Huntington Bancshares Incorporated Depositary Shares Each Representing a 1/40th Interest in a Share of 6.875% Series J Non-Cumulative Perpetual Preferred Stock,$25.64,-0.09,-0.35%,37240377966,United States,,27244,Finance,Major Banks
RMD,ResMed Inc. Common Stock,$252.86,3.3,1.32%,37153255610,United States,,801395,Health Care,Medical/Dental Instruments
SNOW,Snowflake Inc. Class A Common Stock,$110.27,0.31,0.28%,36962504000,United States,2020,3377243,Technology,Computer Software: Prepackaged Software
OTIS,Otis Worldwide Corporation Common Stock ,$92.15,0.47,0.51%,36911121779,United States,2020,1326318,Technology,Consumer Electronics/Appliances
PWR,Quanta Services Inc. Common Stock,$250.03,-0.03,-0.01%,36836864643,United States,,682615,Industrials,Engineering & Construction
EFX,Equifax Inc. Common Stock,$297.56,0.17,0.06%,36819003779,United States,,909365,Finance,Finance: Consumer Services
ED,Consolidated Edison Inc. Common Stock,$104.97,0.22,0.21%,36335071584,United States,,1271137,Utilities,Power Generation
VEEV,Veeva Systems Inc. Class A Common Stock,$221.89,-0.7,-0.31%,35931493101,United States,2013,1067314,Technology,Computer Software: Prepackaged Software
CBRE,CBRE Group Inc Common Stock Class A,$116.80,1.54,1.34%,35791191491,United States,,1239923,Finance,Real Estate
VICI,VICI Properties Inc. Common Stock,$34.06,0.2,0.59%,35666703797,United States,2018,4454808,Real Estate,Real Estate Investment Trusts
DOW,Dow Inc. Common Stock ,$50.82,-0.48,-0.94%,35620806643,United States,2019,3195587,Industrials,Major Chemicals
XEL,Xcel Energy Inc. Common Stock,$63.84,0.35,0.55%,35590843475,United States,,4934841,Utilities,Power Generation
IR,Ingersoll Rand Inc. Common Stock,$88.03,0.58,0.66%,35518711925,United States,2017,2492398,Industrials,Industrial Machinery/Components
HEI,Heico Corporation Common Stock,$254.28,-1.36,-0.53%,35242669181,United States,2000,320395,Industrials,Aerospace
GLW,Corning Incorporated Common Stock,$41.16,0.19,0.46%,35220645792,United States,,3626152,Industrials,Telecommunications Equipment
HBANM,Huntington Bancshares Incorporated Depositary Shares each representing a 1/1000th interest in a share of Huntington Series I Preferred Stock,$24.1284,0.1384,0.58%,35044880488,United States,,2277,Finance,Major Banks
HIG,Hartford Financial Services Group Inc. (The) Common Stock,$116.84,-0.07,-0.06%,34235805066,United States,,1569457,Finance,Property-Casualty Insurers
DDOG,Datadog Inc. Class A Common Stock,$108.12,0.42,0.39%,33637252123,United States,2019,2365140,Technology,Computer Software: Prepackaged Software
IRM,Iron Mountain Incorporated (Delaware)Common Stock REIT,$114.16,3.77,3.42%,33487217896,United States,,1758386,Real Estate,Real Estate Investment Trusts
DD,DuPont de Nemours Inc. Common Stock,$79.51,-0.05,-0.06%,33195036435,United States,2017,2159264,Industrials,Major Chemicals
NUE,Nucor Corporation Common Stock,$139.61,-1.31,-0.93%,33134759297,United States,,1094837,Industrials,Steel/Iron Ore
BKR,Baker Hughes Company Class A Common Stock,$33.17,-0.52,-1.54%,32951863366,United States,,5431973,Industrials,Metal Fabrications
ALNY,Alnylam Pharmaceuticals Inc. Common Stock,$256.21,3.05,1.21%,32892371236,United States,2004,599701,Health Care,Biotechnology: Pharmaceutical Preparations
DFS,Discover Financial Services Common Stock,$130.34,-2.99,-2.24%,32724664524,United States,,2619411,Finance,Finance: Consumer Services
EIX,Edison International Common Stock,$84.62,-1.47,-1.71%,32678276247,United States,,4348248,Utilities,Electric Utilities: Central
AVB,AvalonBay Communities Inc. Common Stock,$229.36,3.87,1.72%,32618843413,United States,,824559,Real Estate,Real Estate Investment Trusts
CSGP,CoStar Group Inc. Common Stock,$79.20,-0.33,-0.42%,32457494362,United States,1998,1904872,Consumer Discretionary,Business Services
HPQ,HP Inc. Common Stock,$33.47,-0.71,-2.08%,32255634733,United States,,7862553,Technology,Computer Manufacturing
TRGP,Targa Resources Inc. Common Stock,$144.18,0.25,0.17%,31586913165,United States,2010,2167536,Utilities,Natural Gas Distribution
XYL,Xylem Inc. Common Stock New,$129.82,0.51,0.39%,31532354201,United States,2011,797240,Industrials,Fluid Controls
MLM,Martin Marietta Materials Inc. Common Stock,$507.20,1.02,0.20%,30998569282,United States,1994,319547,Industrials,Mining & Quarrying of Nonmetallic Minerals (No Fuels)
VMC,Vulcan Materials Company (Holding Company) Common Stock,$232.95,1.12,0.48%,30763380727,United States,,1076936,Industrials,Mining & Quarrying of Nonmetallic Minerals (No Fuels)
FANG,Diamondback Energy Inc. Common Stock,$171.49,-7.72,-4.31%,30592864573,United States,2012,3134785,Energy,Oil & Gas Production
EL,Estee Lauder Companies Inc. (The) Common Stock,$85.13,-1.78,-2.05%,30537764134,United States,1995,4146850,Consumer Discretionary,Package Goods/Cosmetics
MRNA,Moderna Inc. Common Stock,$79.28,2.67,3.49%,30474917258,United States,2018,3654429,Health Care,Biotechnology: Biological Products (No Diagnostic Substances)
WEC,WEC Energy Group Inc. Common Stock,$95.55,0.69,0.73%,30201386766,United States,,2167463,Utilities,Power Generation
ROK,Rockwell Automation Inc. Common Stock,$261.99,2.74,1.06%,29727319672,United States,,552808,Industrials,Industrial Machinery/Components
EBAY,eBay Inc. Common Stock,$60.26,0.83,1.40%,29467140000,United States,1998,4091273,Consumer Discretionary,Business Services
BRO,Brown & Brown Inc. Common Stock,$103.13,-0.59,-0.57%,29418966517,United States,,1439828,Finance,Specialty Insurers
PPG,PPG Industries Inc. Common Stock,$125.89,-0.25,-0.20%,29370137000,United States,,939812,Consumer Discretionary,Paints/Coatings
ON,ON Semiconductor Corporation Common Stock,$68.23,-1.16,-1.67%,29226737863,United States,,4374896,Technology,Semiconductors
BIIB,Biogen Inc. Common Stock,$200.64,1.37,0.69%,29225551851,United States,,557446,Health Care,Biotechnology: Biological Products (No Diagnostic Substances)
TSCO,Tractor Supply Company Common Stock,$270.77,-2.02,-0.74%,29207655013,United States,1994,641156,Consumer Discretionary,RETAIL: Building Materials
EQR,Equity Residential Common Shares of Beneficial Interest,$76.88,1.78,2.37%,29147966685,United States,,1309313,Real Estate,Real Estate Investment Trusts
RBLX,Roblox Corporation Class A Common Stock,$44.90,1.28,2.93%,29059280000,United States,2021,4455715,Technology,Computer Software: Prepackaged Software
LVS,Las Vegas Sands Corp. Common Stock,$39.28,-0.72,-1.80%,28927038276,United States,2004,5057195,Consumer Discretionary,Hotels/Resorts
AWK,American Water Works Company Inc. Common Stock,$148.20,2.19,1.50%,28878701639,United States,2008,958103,Utilities,Water Supply
CDW,CDW Corporation Common Stock,$215.86,1.72,0.80%,28833619518,United States,2013,745821,Consumer Discretionary,Catalog/Specialty Distribution
APP,Applovin Corporation Class A Common Stock,$86.23,-0.08,-0.09%,28822255657,United States,2021,2827671,Technology,Computer Software: Programming Data Processing
WAB,Westinghouse Air Brake Technologies Corporation Common Stock,$163.98,1.26,0.77%,28726546383,United States,,839739,Industrials,Railroads
HBANP,Huntington Bancshares Incorporated Depositary Shares 4.500% Series H Non-Cumulative Perpetual Preferred Stock,$19.59,0.24,1.24%,28453159296,United States,,26890,Finance,Major Banks
VRT,Vertiv Holdings LLC Class A Common Stock,$75.47,0.99,1.33%,28312401070,United States,2018,4232319,Technology,Industrial Machinery/Components
ADM,Archer-Daniels-Midland Company Common Stock,$59.05,-0.45,-0.76%,28234286753,United States,,3220556,Consumer Staples,Packaged Foods
NVR,NVR Inc. Common Stock,$9112.889999999999,-36.85,-0.40%,28045766474,United States,1998,13727,Consumer Discretionary,Homebuilding
DAL,Delta Air Lines Inc. Common Stock,$43.40,-0.28,-0.64%,28011198835,United States,,7183795,Consumer Discretionary,Air Freight/Delivery Services
MTB,M&T Bank Corporation Common Stock,$167.15,-1.63,-0.97%,27914165501,United States,,813605,Finance,Major Banks
CAH,Cardinal Health Inc. Common Stock,$114.37,1.57,1.39%,27888591879,United States,,2287504,Health Care,Other Pharmaceuticals
GPN,Global Payments Inc. Common Stock,$109.36,-0.64,-0.58%,27825226602,United States,,1869609,Consumer Discretionary,Business Services
ECCF,Eagle Point Credit Company Inc. 8.00% Series F Term Preferred Stock due 2029,$25.4889,0.073,0.29%,27749072846,United States,,7394,,
FITB,Fifth Third Bancorp Common Stock,$40.97,-0.63,-1.51%,27728391404,United States,,5445672,Finance,Major Banks
PHM,PulteGroup Inc. Common Stock,$132.70,1.1,0.84%,27538439179,United States,,1678255,Consumer Discretionary,Homebuilding
DXCM,DexCom Inc. Common Stock,$68.55,-1.16,-1.66%,27469823785,United States,2005,2559134,Health Care,Medical/Dental Instruments
K,Kellanova Common Stock,$80.00,-0.17,-0.21%,27383023600,United States,,2387250,Consumer Staples,Packaged Foods
AXON,Axon Enterprise Inc. Common Stock,$359.35,-5.04,-1.38%,27157640516,United States,2001,324381,Industrials,Ordnance And Accessories
TTWO,Take-Two Interactive Software Inc. Common Stock,$154.85,-1.47,-0.94%,27142537554,United States,1997,853197,Technology,Computer Software: Prepackaged Software
VLTO,Veralto Corp Common Stock ,$109.72,0.23,0.21%,27112514208,United States,2023,1312378,Industrials,Electrical Products
SOJC,Southern Company (The) Series 2017B 5.25% Junior Subordinated Notes due December 1 2077,$24.7605,0.0605,0.25%,27101994931,United States,2017,18225,Utilities,Electric Utilities: Central
CVNA,Carvana Co. Class A Common Stock,$130.72,-4.76,-3.51%,27051661902,United States,2017,4701749,Consumer Discretionary,Retail-Auto Dealers and Gas Stations
ANSS,ANSYS Inc. Common Stock,$308.92,-0.78,-0.25%,26995482064,United States,1996,398317,Technology,Computer Software: Prepackaged Software
TW,Tradeweb Markets Inc. Class A Common Stock,$113.99,0.09,0.08%,26936159934,United States,2019,605075,Finance,Investment Bankers/Brokers/Service
VTR,Ventas Inc. Common Stock,$64.97,0.81,1.26%,26842601541,United States,,2393474,Real Estate,Real Estate Investment Trusts
FCNCA,First Citizens BancShares Inc. Class A Common Stock,$1825.97,-74.71,-3.93%,26414432719,United States,,142142,Finance,Major Banks
IFF,International Flavors & Fragrances Inc. Common Stock,$102.81,-0.65,-0.63%,26284319782,United States,,1060763,Industrials,Major Chemicals
NET,Cloudflare Inc. Class A Common Stock,$76.81,0.57,0.75%,26246186999,United States,2019,1603045,Technology,Computer Software: Prepackaged Software
SOJD,Southern Company (The) Series 2020A 4.95% Junior Subordinated Notes due January 30 2080,$23.94,0.09,0.38%,26203903744,United States,2020,40911,Utilities,Electric Utilities: Central
VST,Vistra Corp. Common Stock,$76.08,1.13,1.51%,26138151540,United States,,3392729,Utilities,Electric Utilities: Central
SBAC,SBA Communications Corporation Class A Common Stock,$242.53,2.7,1.13%,26065296451,United States,1999,847305,Real Estate,Real Estate Investment Trusts
IOT,Samsara Inc. Class A Common Stock,$47.29,1.15,2.49%,26047623212,United States,2021,4241475,Technology,EDP Services
ETR,Entergy Corporation Common Stock,$121.63,-0.54,-0.44%,26008245799,United States,,2306797,Utilities,Electric Utilities: Central
DTE,DTE Energy Company Common Stock,$125.55,0.93,0.75%,25991371044,United States,,1278657,Utilities,Electric Utilities: Central
CHD,Church & Dwight Company Inc. Common Stock,$105.94,0.34,0.32%,25935696968,United States,,1448985,Consumer Discretionary,Package Goods/Cosmetics
KEYS,Keysight Technologies Inc. Common Stock,$147.38,1.56,1.07%,25576819660,United States,2014,843435,Industrials,Industrial Machinery/Components
FE,FirstEnergy Corp. Common Stock,$44.27,-0.21,-0.47%,25496085401,United States,,2005132,Utilities,Electric Utilities: Central
TYL,Tyler Technologies Inc. Common Stock,$595.46,6.47,1.10%,25409864505,United States,,216757,Technology,Computer Software: Prepackaged Software
HUBS,HubSpot Inc. Common Stock,$492.14,-2.37,-0.48%,25270817133,United States,2014,290586,Technology,Computer Software: Prepackaged Software
FTV,Fortive Corporation Common Stock ,$72.11,-0.2,-0.28%,25263138905,United States,2016,4773280,Industrials,Industrial Machinery/Components
DVN,Devon Energy Corporation Common Stock,$40.23,-1.17,-2.83%,25192026000,United States,1985,7915622,Energy,Oil & Gas Production
MSTR,MicroStrategy Incorporated Common Stock Class A,$129.64,4.82,3.86%,25191735548,United States,1998,7685183,Technology,Computer Software: Prepackaged Software
BR,Broadridge Financial Solutions Inc. Common Stock,$214.15,3.5,1.66%,24993195945,United States,,768984,Consumer Discretionary,Business Services
HAL,Halliburton Company Common Stock,$28.31,-0.37,-1.29%,24992875260,United States,,7292896,Energy,Oilfield Services/Equipment
DOV,Dover Corporation Common Stock,$181.45,2.56,1.43%,24941684968,United States,,831191,Industrials,Industrial Machinery/Components
STT,State Street Corporation Common Stock,$83.32,-0.34,-0.41%,24881019400,United States,,1892705,Finance,Major Banks
ROL,Rollins Inc. Common Stock,$51.13,1.47,2.96%,24762966639,United States,,1301302,Finance,Diversified Commercial Services
OWL,Blue Owl Capital Inc. Class A Common Stock,$16.73,0.13,0.78%,24484113620,United States,2020,2161372,Finance,Investment Managers
STE,STERIS plc (Ireland) Ordinary Shares,$247.17,1.67,0.68%,24375100367,United States,,550324,Health Care,Industrial Specialties
ES,Eversource Energy (D/B/A) Common Stock,$68.00,-0.06,-0.09%,24302161844,United States,,2617298,Utilities,Electric Utilities: Central
SMCI,Super Micro Computer Inc. Common Stock,$412.72,2.85,0.70%,24167449823,United States,2020,4933497,Technology,Computer Manufacturing
RJF,Raymond James Financial Inc. Common Stock,$116.31,-0.54,-0.46%,23953281506,United States,,860057,Finance,Investment Bankers/Brokers/Service
CQP,Cheniere Energy Partners LP Common Units,$49.43,0.62,1.27%,23926276285,United States,2007,159621,Utilities,Oil/Gas Transmission
PPL,PPL Corporation Common Stock,$32.16,-0.28,-0.86%,23726789457,United States,,4727143,Utilities,Electric Utilities: Central
ZS,Zscaler Inc. Common Stock,$155.90,-3.26,-2.05%,23564142663,United States,2018,2474917,Technology,EDP Services
NTAP,NetApp Inc. Common Stock,$114.97,0.37,0.32%,23543865754,United States,1995,1388265,Technology,Electronic Components
SOJE,Southern Company (The) Series 2020C 4.20% Junior Subordinated Notes due October 15 2060,$21.45,0.19,0.89%,23478435059,United States,2020,36071,Basic Materials,Metal Mining
ERIE,Erie Indemnity Company Class A Common Stock,$506.74,3.55,0.71%,23407136451,United States,,175675,Finance,Specialty Insurers
TROW,T. Rowe Price Group Inc. Common Stock,$103.74,0.2,0.19%,23092297432,United States,1986,1072878,Finance,Investment Bankers/Brokers/Service
AEE,Ameren Corporation Common Stock,$84.91,0.32,0.38%,22655408120,United States,,1480303,Utilities,Power Generation
DECK,Deckers Outdoor Corporation Common Stock,$890.71,-3.38,-0.38%,22633450586,United States,1993,284059,Consumer Discretionary,Shoe Manufacturing
MKC,McCormick & Company Incorporated Common Stock,$83.79,0.55,0.66%,22508519179,United States,,1781023,Consumer Staples,Packaged Foods
TSN,Tyson Foods Inc. Common Stock,$63.18,-2.6,-3.95%,22481320320,United States,,2414642,Consumer Staples,Meat/Poultry/Fish
WY,Weyerhaeuser Company Common Stock,$30.89,0.62,2.05%,22466760350,United States,,3241202,Real Estate,Real Estate Investment Trusts
LYV,Live Nation Entertainment Inc. Common Stock,$96.06,1.26,1.33%,22296845960,United States,,1589839,Consumer Discretionary,Services-Misc. Amusement & Recreation
FSLR,First Solar Inc. Common Stock,$208.22,2.86,1.39%,22289308225,United States,2006,1217995,Technology,Semiconductors
WRB,W.R. Berkley Corporation Common Stock,$58.49,-0.89,-1.50%,22258404594,United States,,1350836,Finance,Property-Casualty Insurers
WST,West Pharmaceutical Services Inc. Common Stock,$305.55,3.52,1.17%,22165083741,United States,,304838,Health Care,Medical/Dental Instruments
GFS,GlobalFoundries Inc. Ordinary Shares,$39.99,-0.42,-1.04%,22136392118,United States,2021,1029930,Technology,Semiconductors
INVH,Invitation Homes Inc. Common Stock,$36.09,0.4,1.12%,22108519048,United States,2017,2623634,Finance,Real Estate
FTS,Fortis Inc. Common Shares,$44.51,-0.48,-1.07%,22041352000,United States,2016,517443,Utilities,Electric Utilities: Central
COO,The Cooper Companies Inc. Common Stock,$108.34,0.31,0.29%,21576518029,United States,,857609,Health Care,Ophthalmic Goods
WDC,Western Digital Corporation Common Stock,$62.79,0.18,0.29%,21565324897,United States,,3287398,Technology,Electronic Components
MDB,MongoDB Inc. Class A Common Stock,$291.49,4.91,1.71%,21532207146,United States,2017,823490,Technology,Computer Software: Prepackaged Software
CPAY,Corpay Inc. Common Stock,$309.41,2.01,0.65%,21483249678,United States,,307495,Consumer Discretionary,Business Services
CINF,Cincinnati Financial Corporation Common Stock,$137.44,-0.03,-0.02%,21473647316,United States,,327716,Finance,Property-Casualty Insurers
ZBH,Zimmer Biomet Holdings Inc. Common Stock,$105.16,0.33,0.32%,21416083755,United States,,1635316,Health Care,Industrial Specialties
CCL,Carnival Corporation Common Stock,$16.14,0.11,0.69%,21145530141,United States,1987,17895905,Consumer Discretionary,Marine Transportation
ATO,Atmos Energy Corporation Common Stock,$136.20,2.4,1.79%,21142711037,United States,,1656874,Utilities,Oil/Gas Transmission
GDDY,GoDaddy Inc. Class A Common Stock,$149.66,-3.21,-2.10%,21097969044,United States,2015,1449617,Technology,EDP Services
TELZ,Tellurian Inc. 8.25% Senior Notes due 2028,$23.58,-0.13,-0.55%,21074849859,United States,,10100,Energy,Oil & Gas Production
ARE,Alexandria Real Estate Equities Inc. Common Stock,$119.76,1.51,1.28%,20949146502,United States,,899560,Real Estate,Real Estate Investment Trusts
HPE,Hewlett Packard Enterprise Company Common Stock,$16.10,-1.5,-8.52%,20908565088,United States,2015,70650392,Technology,Retail: Computer Software & Peripheral Equipment
CMS,CMS Energy Corporation Common Stock,$69.51,0.39,0.56%,20764683235,United States,,2632407,Utilities,Power Generation
HBAN,Huntington Bancshares Incorporated Common Stock,$14.29,-0.37,-2.52%,20755265255,United States,,13673642,Finance,Major Banks
LDOS,Leidos Holdings Inc. Common Stock,$154.06,0.6,0.39%,20753992006,United States,,689620,Technology,EDP Services
BBY,Best Buy Co. Inc. Common Stock,$96.37,-1.72,-1.75%,20693071957,United States,,3651599,Consumer Discretionary,Consumer Electronics/Video Chains
CLX,Clorox Company (The) Common Stock,$166.97,1.77,1.07%,20681162169,United States,,1123872,Consumer Discretionary,Specialty Chemicals
ZM,Zoom Video Communications Inc. Class A Common Stock,$66.70,0.11,0.17%,20529540641,United States,2019,3475323,Technology,Computer Software: Programming Data Processing
TER,Teradyne Inc. Common Stock,$125.37,1.17,0.94%,20457386529,United States,,904219,Industrials,Electrical Products
RF,Regions Financial Corporation Common Stock,$22.32,-0.23,-1.02%,20425587277,United States,,8460192,Finance,Major Banks
HUBB,Hubbell Inc Common Stock,$380.16,2.04,0.54%,20407342349,United States,2015,216044,Technology,Electrical Products
AGNCN,AGNC Investment Corp. Depositary Shares Each Representing a 1/1000th Interest in a Share of 7.00% Series C Fixed-To-Floating Rate Cumulative Redeemable Preferred Stock,$26.02,0.12,0.46%,20359724781,United States,,22894,Real Estate,Real Estate Investment Trusts
PTC,PTC Inc. Common Stock,$166.94,-0.86,-0.51%,20055375463,United States,,850638,Technology,Computer Software: Prepackaged Software
TDY,Teledyne Technologies Incorporated Common Stock,$427.71,3.45,0.81%,20010075742,United States,,175601,Industrials,Industrial Machinery/Components
BAX,Baxter International Inc. Common Stock,$39.21,-0.02,-0.05%,20004063931,United States,,4575968,Health Care,Medical/Dental Instruments
PINS,Pinterest Inc. Class A Common Stock,$29.12,-0.29,-0.99%,19982015348,United States,2019,4666294,Technology,Computer Software: Programming Data Processing
BLDR,Builders FirstSource Inc. Common Stock,$170.96,4.8,2.89%,19909046959,United States,2005,951833,Consumer Discretionary,RETAIL: Building Materials
LII,Lennox International Inc. Common Stock,$558.17,3.1,0.56%,19889882806,United States,1999,194559,Industrials,Industrial Machinery/Components
ESS,Essex Property Trust Inc. Common Stock,$308.27,8.22,2.74%,19796451416,United States,1994,266983,Real Estate,Real Estate Investment Trusts
AQNB,Algonquin Power & Utilities Corp. 6.20% Fixed-to-Floating Subordinated Notes Series 2019-A due July 1 2079,$25.81,0.07,0.27%,19796011900,United States,2019,27381,Utilities,Electric Utilities: Central
AGNCM,AGNC Investment Corp. Depositary Shares rep 6.875% Series D Fixed-to-Floating Cumulative Redeemable Preferred Stock,$25.29,-0.185,-0.73%,19788525738,United States,,41310,Real Estate,Real Estate Investment Trusts
ILMN,Illumina Inc. Common Stock,$124.13,1.59,1.30%,19773909000,United States,2000,1126035,Health Care,Medical Specialities
MKL,Markel Group Inc. Common Stock,$1525.34,-29.22,-1.88%,19746113556,United States,1986,36840,Finance,Property-Casualty Insurers
AGNCO,AGNC Investment Corp. Depositary Shares each representing a 1/1000th interest in a share of 6.50% Series E Fixed-to-Floating Cumulative Redeemable Preferred Stock,$25.15,-0.06,-0.24%,19678980716,United States,,24830,Real Estate,Real Estate Investment Trusts
BAH,Booz Allen Hamilton Holding Corporation Common Stock,$151.85,-0.11,-0.07%,19617620247,United States,2010,572297,Consumer Discretionary,Professional Services
BALL,Ball Corporation Common Stock,$64.59,0.3,0.47%,19607290672,United States,,1078774,Industrials,Containers/Packaging
DUKB,Duke Energy Corporation 5.625% Junior Subordinated Debentures due 2078,$25.37,0.12,0.48%,19590757281,United States,2018,12442,Utilities,Power Generation
WAT,Waters Corporation Common Stock,$328.16,-3.94,-1.19%,19480209964,United States,1995,369876,Industrials,Biotechnology: Laboratory Analytical Instruments
MOH,Molina Healthcare Inc Common Stock,$332.40,8.68,2.68%,19478640000,United States,2003,656835,Health Care,Medical Specialities
OMC,Omnicom Group Inc. Common Stock,$99.53,0.63,0.64%,19472929344,United States,,941884,Consumer Discretionary,Advertising
TKO,TKO Group Holdings Inc. Class A Common Stock,$113.80,-1.15,-1.00%,19418873765,United States,2023,980686,Consumer Discretionary,Services-Misc. Amusement & Recreation
AGNCP,AGNC Investment Corp. Depositary Shares Each Representing a 1/1000th Interest in a Share of 6.125% Series F Fixed-to-Floating Rate Cumulative Redeemable Preferred Stock,$24.50,-0.03,-0.12%,19170378829,United States,,23181,Real Estate,Real Estate Investment Trusts
CUK,Carnival Plc ADS ADS,$14.61,0.05,0.34%,19141028213,United States,,1309349,Consumer Discretionary,Marine Transportation
MAA,Mid-America Apartment Communities Inc. Common Stock,$163.54,3.24,2.02%,19113933584,United States,1994,554211,Real Estate,Real Estate Investment Trusts
EQT,EQT Corporation Common Stock,$32.12,0.21,0.66%,19080243600,United States,,5504481,Energy,Oil & Gas Production
HOLX,Hologic Inc. Common Stock,$81.96,-0.73,-0.88%,19037005416,United States,1990,1238579,Health Care,Medical Electronics
AGNCL,AGNC Investment Corp. Depositary Shares Each Representing a 1/1000th Interest in a Share of 7.75% Series G Fixed-Rate Reset Cumulative Redeemable Preferred Stock,$24.295,0.005,0.02%,19009973618,United States,,12713,Real Estate,Real Estate Investment Trusts
GPC,Genuine Parts Company Common Stock,$135.76,-0.85,-0.62%,18913775704,United States,,726627,Consumer Discretionary,Automotive Aftermarket
BKDT,Brookdale Senior Living Inc. 7.00% Tangible Equity Units,$95.86,0,0.00%,18903689298,United States,2022,15,Health Care,Hospital/Nursing Management
EDR,Endeavor Group Holdings Inc. Class A Common Stock,$27.57,-0.05,-0.18%,18868110979,United States,2021,2281242,Consumer Discretionary,Services-Misc. Amusement & Recreation
TRU,TransUnion Common Stock,$96.24,-0.27,-0.28%,18699432000,United States,2015,922001,Finance,Finance: Consumer Services
LINE,Lineage Inc. Common Stock,$81.87,-0.94,-1.14%,18640877553,United States,2024,519944,Real Estate,Real Estate Investment Trusts
LH,Labcorp Holdings Inc. Common Stock,$220.33,-6.58,-2.90%,18499628821,United States,,778852,Health Care,Medical Specialities
DRI,Darden Restaurants Inc. Common Stock,$155.61,-1.1,-0.70%,18496263650,United States,,841928,Consumer Discretionary,Restaurants
KKRS,KKR Group Finance Co. IX LLC 4.625% Subordinated Notes due 2061,$20.81,0.17,0.82%,18467623882,United States,2021,13402,,
PKG,Packaging Corporation of America Common Stock,$205.04,0.51,0.25%,18415013522,United States,2000,422293,Consumer Discretionary,Containers/Packaging
PFG,Principal Financial Group Inc Common Stock,$79.30,0.09,0.11%,18364588679,United States,2001,1206522,Finance,Accident &Health Insurance
WSO,Watsco Inc. Common Stock,$455.15,-0.43,-0.09%,18360393252,United States,,192841,Consumer Discretionary,Industrial Machinery/Components
FOXA,Fox Corporation Class A Common Stock,$39.89,-0.17,-0.42%,18358472103,United States,,2429315,Industrials,Broadcasting
CSL,Carlisle Companies Incorporated Common Stock,$396.84,1.76,0.45%,18351036801,United States,,232144,Industrials,Specialty Chemicals
TPG,TPG Inc. Class A Common Stock,$50.18,0.32,0.64%,18306957390,United States,2022,877542,Finance,Investment Managers
SYF,Synchrony Financial Common Stock,$46.15,-2.02,-4.19%,18239712251,United States,2014,7939243,Finance,Finance: Consumer Services
TPL,Texas Pacific Land Corporation Common Stock,$787.65,-3.87,-0.49%,18100685343,United States,,67581,Energy,Oil & Gas Production
SSNC,SS&C Technologies Holdings Inc. Common Stock,$73.43,0.71,0.98%,18021185313,United States,2010,912875,Technology,Computer Software: Prepackaged Software
AVTR,Avantor Inc. Common Stock,$26.47,0.67,2.60%,17995376526,United States,2019,6462905,Industrials,Biotechnology: Laboratory Analytical Instruments
CFG,Citizens Financial Group Inc. Common Stock,$40.00,-1.45,-3.50%,17932018640,United States,2014,8306149,Finance,Major Banks
TVE,Tennessee Valley Authority,$22.48,-0.04,-0.18%,17892417379,United States,,12406,Utilities,Electric Utilities: Central
FWONK,Liberty Media Corporation Series C Liberty Formula One Common Stock,$75.65,0.21,0.28%,17870754867,United States,,1127317,Industrials,Broadcasting
NTRS,Northern Trust Corporation Common Stock,$88.47,0.71,0.81%,17838901032,United States,,1415113,Finance,Major Banks
J,Jacobs Solutions Inc. Common Stock,$143.14,-1.4,-0.97%,17784905527,United States,2022,492629,Industrials,Military/Government/Technical
DKNG,DraftKings Inc. Class A Common Stock,$36.61,0.5,1.39%,17775268127,United States,2019,9701103,Consumer Discretionary,Services-Misc. Amusement & Recreation
DG,Dollar General Corporation Common Stock,$80.69,-0.29,-0.36%,17744956197,United States,2009,5178563,Consumer Discretionary,Department/Specialty Retail Stores
FITBI,Fifth Third Bancorp Depositary Shares,$26.17,0.05,0.19%,17711789188,United States,,12160,Finance,Major Banks
CNP,CenterPoint Energy Inc (Holding Co) Common Stock,$27.55,0.14,0.51%,17686190299,United States,,7224158,Utilities,Electric Utilities: Central
VRSN,VeriSign Inc. Common Stock,$181.12,-0.84,-0.46%,17677312000,United States,1998,584939,Technology,EDP Services
AVY,Avery Dennison Corporation Common Stock,$219.46,-0.12,-0.06%,17670711371,United States,,232286,Consumer Discretionary,Containers/Packaging
HRL,Hormel Foods Corporation Common Stock,$32.22,-0.18,-0.56%,17668275804,United States,,2123548,Consumer Staples,Meat/Poultry/Fish
SUI,Sun Communities Inc. Common Stock,$141.40,1.4,1.00%,17628321880,United States,1993,781931,Real Estate,Real Estate Investment Trusts
ULTA,Ulta Beauty Inc. Common Stock,$373.50,-8.07,-2.12%,17597350535,United States,2007,2031799,Consumer Discretionary,Other Specialty Stores
LUV,Southwest Airlines Company Common Stock,$29.25,-0.48,-1.62%,17525342806,United States,,7386830,Consumer Discretionary,Air Freight/Delivery Services
L,Loews Corporation Common Stock,$79.46,-1.02,-1.27%,17442782044,United States,,620438,Finance,Property-Casualty Insurers
HOOD,Robinhood Markets Inc. Class A Common Stock,$19.70,0.04,0.20%,17428147558,United States,2021,10330295,Finance,Investment Bankers/Brokers/Service
WLK,Westlake Corporation Common Stock,$135.38,-2.13,-1.55%,17407924214,United States,2004,520358,Industrials,Major Chemicals
JBHT,J.B. Hunt Transport Services Inc. Common Stock,$170.55,-1.19,-0.69%,17393802862,United States,,659100,Industrials,Trucking Freight/Courier Services
EME,EMCOR Group Inc. Common Stock,$371.26,7.16,1.97%,17322013330,United States,,362906,Industrials,Engineering & Construction
ZBRA,Zebra Technologies Corporation Class A Common Stock,$334.85,6.92,2.11%,17271685220,United States,1991,277691,Industrials,Industrial Machinery/Components
WBD,Warner Bros. Discovery Inc. Series A Common Stock ,$7.02,-0.28,-3.84%,17212396582,United States,,26297783,Telecommunications,Cable & Other Pay Television Services
EXPD,Expeditors International of Washington Inc. Common Stock,$121.76,-0.77,-0.63%,17183728721,United States,,930375,Consumer Discretionary,Oil Refining/Marketing
MAS,Masco Corporation Common Stock,$78.33,1.01,1.31%,17095431559,United States,,1979439,Industrials,Industrial Specialties
EXPE,Expedia Group Inc. Common Stock,$131.10,-1.76,-1.33%,17066525895,United States,,1311199,Consumer Discretionary,Transportation Services
FITBP,Fifth Third Bancorp Depositary Shares each representing 1/40th share of Fifth Third 6.00% Non-Cumulative Perpetual Class B Preferred Stock Series A,$25.15,0.03,0.12%,17021455792,United States,,15370,Finance,Major Banks
DGX,Quest Diagnostics Incorporated Common Stock,$152.86,-1.43,-0.93%,17015948415,United States,,656100,Health Care,Medical Specialities
ALGN,Align Technology Inc. Common Stock,$227.15,5.77,2.61%,16967438315,United States,2001,427866,Health Care,Industrial Specialties
FOX,Fox Corporation Class B Common Stock,$36.85,-0.24,-0.65%,16959380722,United States,,727750,Industrials,Broadcasting
DKS,Dick's Sporting Goods Inc Common Stock,$206.93,-0.5,-0.24%,16846734770,United States,2002,921022,Consumer Discretionary,Other Specialty Stores
BURL,Burlington Stores Inc. Common Stock,$264.06,1.13,0.43%,16810682253,United States,2013,499483,Consumer Discretionary,Department/Specialty Retail Stores
STLD,Steel Dynamics Inc.,$108.74,-2,-1.81%,16778856895,United States,1996,1796352,Industrials,Steel/Iron Ore
FDS,FactSet Research Systems Inc. Common Stock,$440.73,11.83,2.76%,16765364352,United States,2000,469104,Technology,Computer Software: Programming Data Processing
CTRA,Coterra Energy Inc. Common Stock,$22.62,-0.18,-0.79%,16722387969,United States,,5943543,Energy,Oil & Gas Production
RYAN,Ryan Specialty Holdings Inc. Class A Common Stock,$63.90,0.03,0.05%,16706539852,United States,2021,772098,Finance,Specialty Insurers
RPRX,Royalty Pharma plc Class A Ordinary Shares ,$28.06,-0.05,-0.18%,16652463693,United States,2020,2578529,Health Care,Biotechnology: Pharmaceutical Preparations
SMMT,Summit Therapeutics Inc. Common Stock ,$22.97,3.83,20.01%,16642632140,United States,2015,19864657,Health Care,Biotechnology: Pharmaceutical Preparations
TME,Tencent Music Entertainment Group American Depositary Shares each representing two Class A Ordinary Shares,$9.65,-0.5,-4.93%,16560144314,United States,2018,12923777,Consumer Discretionary,Broadcasting
WSM,Williams-Sonoma Inc. Common Stock (DE),$130.33,-2,-1.51%,16465806443,United States,,1300641,Consumer Discretionary,Home Furnishings
FWONA,Liberty Media Corporation Series A Liberty Formula One Common Stock,$69.67,0.49,0.71%,16458102995,United States,,178004,Industrials,Broadcasting
SLMBP,SLM Corporation Floating Rate Non-Cumulative Preferred Stock Series B,$75.31,0.35,0.47%,16377015022,United States,,4228,Finance,Finance: Consumer Services
IP,International Paper Company Common Stock,$47.06,-0.55,-1.16%,16347219917,United States,,2593346,Basic Materials,Paper
TXT,Textron Inc. Common Stock,$86.53,-0.35,-0.40%,16212481452,United States,,732807,Industrials,Aerospace
ENTG,Entegris Inc. Common Stock,$107.37,2.37,2.26%,16210549197,United States,2000,1311782,Industrials,Plastic Products
BMRN,BioMarin Pharmaceutical Inc. Common Stock,$84.85,0.52,0.62%,16153982447,United States,1999,1981585,Health Care,Biotechnology: Pharmaceutical Preparations
FNF,FNF Group of Fidelity National Financial Inc. Common Stock,$58.85,-0.05,-0.09%,16093101580,United States,2014,642871,Finance,Specialty Insurers
NRG,NRG Energy Inc. Common Stock,$77.94,0.02,0.03%,16085244106,United States,,1239048,Utilities,Electric Utilities: Central
RTO,Rentokil Initial plc American Depositary Shares (each representing five (5) Ordinary Shares),$31.60,0.24,0.77%,15955092073,United States,2022,267885,Consumer Discretionary,Other Consumer Services
GEN,Gen Digital Inc. Common Stock,$25.90,0.18,0.70%,15942098044,United States,,2610782,Technology,Computer Software: Prepackaged Software
UAL,United Airlines Holdings Inc. Common Stock,$48.42,-0.33,-0.68%,15922137777,United States,,6060021,Consumer Discretionary,Air Freight/Delivery Services
MANH,Manhattan Associates Inc. Common Stock,$259.49,4.41,1.73%,15892710528,United States,1998,200109,Technology,Computer Software: Prepackaged Software
SWKS,Skyworks Solutions Inc. Common Stock,$99.45,-0.36,-0.36%,15883793096,United States,,1206243,Technology,Semiconductors
PODD,Insulet Corporation Common Stock,$226.50,7.37,3.36%,15881156673,United States,2007,906082,Health Care,Medical/Dental Instruments
SREA,DBA Sempra 5.750% Junior Subordinated Notes due 2079,$25.065,-0.065,-0.26%,15869801357,United States,2019,40793,Utilities,Natural Gas Distribution
KIM,Kimco Realty Corporation (HC) Common Stock,$23.37,0.08,0.34%,15754001319,United States,,4267282,Real Estate,Real Estate Investment Trusts
CRBG,Corebridge Financial Inc. Common Stock,$26.61,-0.4,-1.48%,15753479262,United States,2022,3983535,Finance,Life Insurance
CAG,ConAgra Brands Inc. Common Stock,$32.79,-0.04,-0.12%,15680464913,United States,,3422223,Consumer Staples,Packaged Foods
LPLA,LPL Financial Holdings Inc. Common Stock,$209.48,-0.71,-0.34%,15661330197,United States,2010,1617102,Finance,Investment Bankers/Brokers/Service
,,,,,,,,,,
,,,,,,,,,,
,,,,,,,,,,
,,,,,,,,,,
,,,,,,,,,,
,,,,,,,,,,
,,,,,,,,,,
,,,,,,,,,,
,,,,,,,,,,
,,,,,,,,,,
,,,,,,,,,,
,,,,,,,,,,
,,,,,,,,,,
,,,,,,,,,,
,,,,,,,,,,
,,,,,,,,,,
,,,,,,,,,,
,,,,,,,,,,
,,,,,,,,,,
,,,,,,,,,,
,,,,,,,,,,
,,,,,,,,,,
,,,,,,,,,,
,,,,,,,,,,
,,,,,,,,,,
,,,,,,,,,,
,,,,,,,,,,
,,,,,,,,,,
,,,,,,,,,,
,,,,,,,,,,
,,,,,,,,,,
,,,,,,,,,,
,,,,,,,,,,
,,,,,,,,,,
,,,,,,,,,,
,,,,,,,,,,
,,,,,,,,,,
,,,,,,,,,,
,,,,,,,,,,
,,,,,,,,,,
,,,,,,,,,,
,,,,,,,,,,
,,,,,,,,,,
,,,,,,,,,,
,,,,,,,,,,
,,,,,,,,,,
,,,,,,,,,,
,,,,,,,,,,
,,,,,,,,,,
,,,,,,,,,,
,,,,,,,,,,
,,,,,,,,,,
,,,,,,,,,,
,,,,,,,,,,
,,,,,,,,,,
,,,,,,,,,,
,,,,,,,,,,
,,,,,,,,,,
,,,,,,,,,,
,,,,,,,,,,
,,,,,,,,,,
,,,,,,,,,,
,,,,,,,,,,
,,,,,,,,,,
,,,,,,,,,,
,,,,,,,,,,
,,,,,,,,,,
,,,,,,,,,,
,,,,,,,,,,
,,,,,,,,,,
,,,,,,,,,,
,,,,,,,,,,
,,,,,,,,,,
,,,,,,,,,,
,,,,,,,,,,
,,,,,,,,,,
,,,,,,,,,,
,,,,,,,,,,
,,,,,,,,,,
,,,,,,,,,,
,,,,,,,,,,
,,,,,,,,,,
,,,,,,,,,,
,,,,,,,,,,
,,,,,,,,,,
,,,,,,,,,,
,,,,,,,,,,
,,,,,,,,,,
,,,,,,,,,,
,,,,,,,,,,
,,,,,,,,,,
,,,,,,,,,,
,,,,,,,,,,
,,,,,,,,,,
,,,,,,,,,,
,,,,,,,,,,
,,,,,,,,,,
,,,,,,,,,,
,,,,,,,,,,
,,,,,,,,,,
,,,,,,,,,,
,,,,,,,,,,
,,,,,,,,,,
,,,,,,,,,,
,,,,,,,,,,
,,,,,,,,,,
,,,,,,,,,,
,,,,,,,,,,
,,,,,,,,,,
,,,,,,,,,,
,,,,,,,,,,
,,,,,,,,,,
,,,,,,,,,,
,,,,,,,,,,
,,,,,,,,,,
,,,,,,,,,,
,,,,,,,,,,
,,,,,,,,,,
,,,,,,,,,,
,,,,,,,,,,
,,,,,,,,,,
,,,,,,,,,,
,,,,,,,,,,
,,,,,,,,,,
,,,,,,,,,,
,,,,,,,,,,
,,,,,,,,,,
,,,,,,,,,,
,,,,,,,,,,
,,,,,,,,,,
,,,,,,,,,,
,,,,,,,,,,
,,,,,,,,,,
,,,,,,,,,,
,,,,,,,,,,
,,,,,,,,,,
,,,,,,,,,,
,,,,,,,,,,
,,,,,,,,,,
,,,,,,,,,,
,,,,,,,,,,
,,,,,,,,,,
,,,,,,,,,,
,,,,,,,,,,
,,,,,,,,,,
,,,,,,,,,,
,,,,,,,,,,
,,,,,,,,,,
,,,,,,,,,,
,,,,,,,,,,
,,,,,,,,,,
,,,,,,,,,,
,,,,,,,,,,
,,,,,,,,,,
,,,,,,,,,,
,,,,,,,,,,
,,,,,,,,,,
,,,,,,,,,,
,,,,,,,,,,
,,,,,,,,,,
,,,,,,,,,,
,,,,,,,,,,
,,,,,,,,,,
,,,,,,,,,,
,,,,,,,,,,
,,,,,,,,,,
,,,,,,,,,,
,,,,,,,,,,
,,,,,,,,,,
,,,,,,,,,,
,,,,,,,,,,
,,,,,,,,,,
,,,,,,,,,,
,,,,,,,,,,
,,,,,,,,,,
,,,,,,,,,,
,,,,,,,,,,
,,,,,,,,,,
,,,,,,,,,,
,,,,,,,,,,
,,,,,,,,,,
,,,,,,,,,,
,,,,,,,,,,
,,,,,,,,,,
,,,,,,,,,,
,,,,,,,,,,
,,,,,,,,,,
,,,,,,,,,,
,,,,,,,,,,
,,,,,,,,,,
,,,,,,,,,,
,,,,,,,,,,
,,,,,,,,,,
,,,,,,,,,,
,,,,,,,,,,
,,,,,,,,,,
,,,,,,,,,,
,,,,,,,,,,
,,,,,,,,,,
,,,,,,,,,,
,,,,,,,,,,
,,,,,,,,,,
,,,,,,,,,,
,,,,,,,,,,
,,,,,,,,,,
,,,,,,,,,,
,,,,,,,,,,
,,,,,,,,,,
,,,,,,,,,,
,,,,,,,,,,
,,,,,,,,,,
,,,,,,,,,,
,,,,,,,,,,
,,,,,,,,,,
,,,,,,,,,,
,,,,,,,,,,
,,,,,,,,,,
,,,,,,,,,,
,,,,,,,,,,
,,,,,,,,,,
,,,,,,,,,,
,,,,,,,,,,
,,,,,,,,,,
,,,,,,,,,,
,,,,,,,,,,
,,,,,,,,,,
,,,,,,,,,,
,,,,,,,,,,
,,,,,,,,,,
,,,,,,,,,,
,,,,,,,,,,
,,,,,,,,,,
,,,,,,,,,,
,,,,,,,,,,
,,,,,,,,,,
,,,,,,,,,,
,,,,,,,,,,
,,,,,,,,,,
,,,,,,,,,,
,,,,,,,,,,
,,,,,,,,,,
,,,,,,,,,,
,,,,,,,,,,
,,,,,,,,,,
,,,,,,,,,,
,,,,,,,,,,
,,,,,,,,,,
,,,,,,,,,,
,,,,,,,,,,
,,,,,,,,,,
,,,,,,,,,,
,,,,,,,,,,
,,,,,,,,,,
,,,,,,,,,,
,,,,,,,,,,
,,,,,,,,,,
,,,,,,,,,,
,,,,,,,,,,
,,,,,,,,,,
,,,,,,,,,,
,,,,,,,,,,
,,,,,,,,,,
,,,,,,,,,,
,,,,,,,,,,
,,,,,,,,,,
,,,,,,,,,,
,,,,,,,,,,
,,,,,,,,,,
,,,,,,,,,,
,,,,,,,,,,
,,,,,,,,,,
,,,,,,,,,,
,,,,,,,,,,
,,,,,,,,,,
,,,,,,,,,,
,,,,,,,,,,
,,,,,,,,,,
,,,,,,,,,,
,,,,,,,,,,
,,,,,,,,,,
,,,,,,,,,,
,,,,,,,,,,
,,,,,,,,,,
,,,,,,,,,,
,,,,,,,,,,
,,,,,,,,,,
,,,,,,,,,,
,,,,,,,,,,
,,,,,,,,,,
,,,,,,,,,,
,,,,,,,,,,
,,,,,,,,,,
,,,,,,,,,,
,,,,,,,,,,
,,,,,,,,,,
,,,,,,,,,,
,,,,,,,,,,
,,,,,,,,,,
,,,,,,,,,,
,,,,,,,,,,
,,,,,,,,,,
,,,,,,,,,,
,,,,,,,,,,
,,,,,,,,,,
,,,,,,,,,,
,,,,,,,,,,
,,,,,,,,,,
,,,,,,,,,,
,,,,,,,,,,
,,,,,,,,,,
,,,,,,,,,,
,,,,,,,,,,
,,,,,,,,,,
,,,,,,,,,,
,,,,,,,,,,
,,,,,,,,,,
,,,,,,,,,,
,,,,,,,,,,
,,,,,,,,,,
,,,,,,,,,,
,,,,,,,,,,
,,,,,,,,,,
,,,,,,,,,,
,,,,,,,,,,
,,,,,,,,,,
,,,,,,,,,,
,,,,,,,,,,
,,,,,,,,,,
,,,,,,,,,,
,,,,,,,,,,
,,,,,,,,,,
,,,,,,,,,,
,,,,,,,,,,
,,,,,,,,,,
,,,,,,,,,,
,,,,,,,,,,
,,,,,,,,,,
,,,,,,,,,,
,,,,,,,,,,
,,,,,,,,,,
,,,,,,,,,,
,,,,,,,,,,
,,,,,,,,,,
,,,,,,,,,,
,,,,,,,,,,
,,,,,,,,,,
,,,,,,,,,,
,,,,,,,,,,
,,,,,,,,,,
,,,,,,,,,,
,,,,,,,,,,
,,,,,,,,,,
,,,,,,,,,,
,,,,,,,,,,
,,,,,,,,,,
,,,,,,,,,,
,,,,,,,,,,
,,,,,,,,,,
,,,,,,,,,,
,,,,,,,,,,
,,,,,,,,,,
,,,,,,,,,,
,,,,,,,,,,
,,,,,,,,,,
,,,,,,,,,,
,,,,,,,,,,
,,,,,,,,,,
,,,,,,,,,,
,,,,,,,,,,
,,,,,,,,,,
,,,,,,,,,,
,,,,,,,,,,
,,,,,,,,,,
,,,,,,,,,,
,,,,,,,,,,
,,,,,,,,,,
,,,,,,,,,,
,,,,,,,,,,
,,,,,,,,,,
,,,,,,,,,,
,,,,,,,,,,
,,,,,,,,,,
,,,,,,,,,,
,,,,,,,,,,
,,,,,,,,,,
,,,,,,,,,,
,,,,,,,,,,
,,,,,,,,,,
,,,,,,,,,,
,,,,,,,,,,
,,,,,,,,,,
,,,,,,,,,,
,,,,,,,,,,
,,,,,,,,,,
,,,,,,,,,,
,,,,,,,,,,
,,,,,,,,,,
,,,,,,,,,,
,,,,,,,,,,
,,,,,,,,,,
,,,,,,,,,,
,,,,,,,,,,
,,,,,,,,,,
,,,,,,,,,,
,,,,,,,,,,
,,,,,,,,,,
,,,,,,,,,,
,,,,,,,,,,
,,,,,,,,,,
,,,,,,,,,,
,,,,,,,,,,
,,,,,,,,,,
,,,,,,,,,,
,,,,,,,,,,
,,,,,,,,,,
,,,,,,,,,,
,,,,,,,,,,
,,,,,,,,,,
,,,,,,,,,,
,,,,,,,,,,
,,,,,,,,,,
,,,,,,,,,,
,,,,,,,,,,
,,,,,,,,,,
,,,,,,,,,,
,,,,,,,,,,
,,,,,,,,,,
,,,,,,,,,,
,,,,,,,,,,
,,,,,,,,,,
,,,,,,,,,,
,,,,,,,,,,
,,,,,,,,,,
,,,,,,,,,,
,,,,,,,,,,
,,,,,,,,,,
,,,,,,,,,,
,,,,,,,,,,
,,,,,,,,,,
,,,,,,,,,,
,,,,,,,,,,
,,,,,,,,,,
,,,,,,,,,,
,,,,,,,,,,
,,,,,,,,,,
,,,,,,,,,,
,,,,,,,,,,
,,,,,,,,,,
,,,,,,,,,,
,,,,,,,,,,
,,,,,,,,,,
,,,,,,,,,,
,,,,,,,,,,
,,,,,,,,,,
,,,,,,,,,,
,,,,,,,,,,
,,,,,,,,,,
,,,,,,,,,,
,,,,,,,,,,
,,,,,,,,,,
,,,,,,,,,,
,,,,,,,,,,
,,,,,,,,,,
,,,,,,,,,,
,,,,,,,,,,
,,,,,,,,,,
,,,,,,,,,,
,,,,,,,,,,
,,,,,,,,,,
,,,,,,,,,,
,,,,,,,,,,
,,,,,,,,,,
,,,,,,,,,,
,,,,,,,,,,
,,,,,,,,,,
,,,,,,,,,,
,,,,,,,,,,
,,,,,,,,,,
,,,,,,,,,,
,,,,,,,,,,
,,,,,,,,,,
,,,,,,,,,,
,,,,,,,,,,
,,,,,,,,,,
,,,,,,,,,,
,,,,,,,,,,
,,,,,,,,,,
,,,,,,,,,,
,,,,,,,,,,
,,,,,,,,,,
,,,,,,,,,,
,,,,,,,,,,
,,,,,,,,,,
,,,,,,,,,,
,,,,,,,,,,
,,,,,,,,,,
,,,,,,,,,,
,,,,,,,,,,
,,,,,,,,,,
,,,,,,,,,,
,,,,,,,,,,
,,,,,,,,,,
,,,,,,,,,,
,,,,,,,,,,
,,,,,,,,,,
,,,,,,,,,,
,,,,,,,,,,
,,,,,,,,,,
,,,,,,,,,,
,,,,,,,,,,
,,,,,,,,,,
,,,,,,,,,,
,,,,,,,,,,
,,,,,,,,,,
,,,,,,,,,,
,,,,,,,,,,
,,,,,,,,,,
,,,,,,,,,,
,,,,,,,,,,
,,,,,,,,,,
,,,,,,,,,,
,,,,,,,,,,
,,,,,,,,,,
,,,,,,,,,,
,,,,,,,,,,
,,,,,,,,,,
,,,,,,,,,,
,,,,,,,,,,
,,,,,,,,,,
,,,,,,,,,,
,,,,,,,,,,
,,,,,,,,,,
,,,,,,,,,,
,,,,,,,,,,
,,,,,,,,,,
,,,,,,,,,,
,,,,,,,,,,
,,,,,,,,,,
,,,,,,,,,,
,,,,,,,,,,
,,,,,,,,,,
,,,,,,,,,,
,,,,,,,,,,
,,,,,,,,,,
,,,,,,,,,,
,,,,,,,,,,
,,,,,,,,,,
,,,,,,,,,,
,,,,,,,,,,
,,,,,,,,,,
,,,,,,,,,,
,,,,,,,,,,
,,,,,,,,,,
,,,,,,,,,,
,,,,,,,,,,
,,,,,,,,,,
,,,,,,,,,,
,,,,,,,,,,
,,,,,,,,,,
,,,,,,,,,,
,,,,,,,,,,
,,,,,,,,,,
,,,,,,,,,,
,,,,,,,,,,
,,,,,,,,,,
,,,,,,,,,,
,,,,,,,,,,
,,,,,,,,,,
,,,,,,,,,,
,,,,,,,,,,
,,,,,,,,,,
,,,,,,,,,,
,,,,,,,,,,
,,,,,,,,,,
,,,,,,,,,,
,,,,,,,,,,
,,,,,,,,,,
,,,,,,,,,,
,,,,,,,,,,
,,,,,,,,,,
,,,,,,,,,,
,,,,,,,,,,
,,,,,,,,,,
,,,,,,,,,,
,,,,,,,,,,
,,,,,,,,,,
,,,,,,,,,,
,,,,,,,,,,
,,,,,,,,,,
,,,,,,,,,,
,,,,,,,,,,
,,,,,,,,,,
,,,,,,,,,,
,,,,,,,,,,
,,,,,,,,,,
,,,,,,,,,,
,,,,,,,,,,
,,,,,,,,,,
,,,,,,,,,,
,,,,,,,,,,
,,,,,,,,,,
,,,,,,,,,,
,,,,,,,,,,
,,,,,,,,,,
,,,,,,,,,,
,,,,,,,,,,
,,,,,,,,,,
,,,,,,,,,,
,,,,,,,,,,
,,,,,,,,,,
,,,,,,,,,,
,,,,,,,,,,
,,,,,,,,,,
,,,,,,,,,,
,,,,,,,,,,
,,,,,,,,,,
,,,,,,,,,,
,,,,,,,,,,
,,,,,,,,,,
,,,,,,,,,,
,,,,,,,,,,
,,,,,,,,,,
,,,,,,,,,,
,,,,,,,,,,
,,,,,,,,,,
,,,,,,,,,,
,,,,,,,,,,
,,,,,,,,,,
,,,,,,,,,,
,,,,,,,,,,
,,,,,,,,,,
,,,,,,,,,,
,,,,,,,,,,
,,,,,,,,,,
,,,,,,,,,,
,,,,,,,,,,
,,,,,,,,,,
,,,,,,,,,,
,,,,,,,,,,
,,,,,,,,,,
,,,,,,,,,,
,,,,,,,,,,
,,,,,,,,,,
,,,,,,,,,,
,,,,,,,,,,
,,,,,,,,,,
,,,,,,,,,,
,,,,,,,,,,
,,,,,,,,,,
,,,,,,,,,,
,,,,,,,,,,
,,,,,,,,,,
,,,,,,,,,,
,,,,,,,,,,
,,,,,,,,,,
,,,,,,,,,,
,,,,,,,,,,
,,,,,,,,,,
,,,,,,,,,,
,,,,,,,,,,
,,,,,,,,,,
,,,,,,,,,,
,,,,,,,,,,
,,,,,,,,,,
,,,,,,,,,,
,,,,,,,,,,
,,,,,,,,,,
,,,,,,,,,,
,,,,,,,,,,
,,,,,,,,,,
,,,,,,,,,,
,,,,,,,,,,
,,,,,,,,,,
,,,,,,,,,,
,,,,,,,,,,
,,,,,,,,,,
,,,,,,,,,,
,,,,,,,,,,
,,,,,,,,,,
,,,,,,,,,,
,,,,,,,,,,
,,,,,,,,,,
,,,,,,,,,,
,,,,,,,,,,
,,,,,,,,,,
,,,,,,,,,,
,,,,,,,,,,
,,,,,,,,,,
,,,,,,,,,,
,,,,,,,,,,
,,,,,,,,,,
,,,,,,,,,,
,,,,,,,,,,
,,,,,,,,,,
,,,,,,,,,,
,,,,,,,,,,
,,,,,,,,,,
,,,,,,,,,,
,,,,,,,,,,
,,,,,,,,,,
,,,,,,,,,,
,,,,,,,,,,
,,,,,,,,,,
,,,,,,,,,,
,,,,,,,,,,
,,,,,,,,,,
,,,,,,,,,,
,,,,,,,,,,
,,,,,,,,,,
,,,,,,,,,,
,,,,,,,,,,
,,,,,,,,,,
,,,,,,,,,,
,,,,,,,,,,
,,,,,,,,,,
,,,,,,,,,,
,,,,,,,,,,
,,,,,,,,,,
,,,,,,,,,,
,,,,,,,,,,
,,,,,,,,,,
,,,,,,,,,,
,,,,,,,,,,
,,,,,,,,,,
,,,,,,,,,,
,,,,,,,,,,
,,,,,,,,,,
,,,,,,,,,,
,,,,,,,,,,
,,,,,,,,,,
,,,,,,,,,,
,,,,,,,,,,
,,,,,,,,,,
,,,,,,,,,,
,,,,,,,,,,
,,,,,,,,,,
,,,,,,,,,,
,,,,,,,,,,
,,,,,,,,,,
,,,,,,,,,,
,,,,,,,,,,
,,,,,,,,,,
,,,,,,,,,,
,,,,,,,,,,
,,,,,,,,,,
,,,,,,,,,,
,,,,,,,,,,
,,,,,,,,,,
,,,,,,,,,,
,,,,,,,,,,
,,,,,,,,,,
,,,,,,,,,,
,,,,,,,,,,
,,,,,,,,,,
,,,,,,,,,,
,,,,,,,,,,
,,,,,,,,,,
,,,,,,,,,,
,,,,,,,,,,
,,,,,,,,,,
,,,,,,,,,,
,,,,,,,,,,
,,,,,,,,,,
,,,,,,,,,,
,,,,,,,,,,
,,,,,,,,,,
,,,,,,,,,,
,,,,,,,,,,
,,,,,,,,,,
,,,,,,,,,,
,,,,,,,,,,
,,,,,,,,,,
,,,,,,,,,,
,,,,,,,,,,
,,,,,,,,,,
,,,,,,,,,,
,,,,,,,,,,
,,,,,,,,,,
,,,,,,,,,,
,,,,,,,,,,
,,,,,,,,,,
,,,,,,,,,,
,,,,,,,,,,
,,,,,,,,,,
,,,,,,,,,,
,,,,,,,,,,
,,,,,,,,,,
,,,,,,,,,,
,,,,,,,,,,
,,,,,,,,,,
,,,,,,,,,,
,,,,,,,,,,
,,,,,,,,,,
,,,,,,,,,,
,,,,,,,,,,
,,,,,,,,,,
,,,,,,,,,,
,,,,,,,,,,
,,,,,,,,,,
,,,,,,,,,,
,,,,,,,,,,
,,,,,,,,,,
,,,,,,,,,,
,,,,,,,,,,
,,,,,,,,,,
,,,,,,,,,,
,,,,,,,,,,
,,,,,,,,,,
,,,,,,,,,,
,,,,,,,,,,
,,,,,,,,,,
,,,,,,,,,,
,,,,,,,,,,
,,,,,,,,,,
,,,,,,,,,,
,,,,,,,,,,
,,,,,,,,,,
,,,,,,,,,,
,,,,,,,,,,
,,,,,,,,,,
,,,,,,,,,,
,,,,,,,,,,
,,,,,,,,,,
,,,,,,,,,,
,,,,,,,,,,
,,,,,,,,,,
,,,,,,,,,,
,,,,,,,,,,
,,,,,,,,,,
,,,,,,,,,,
,,,,,,,,,,
,,,,,,,,,,
,,,,,,,,,,
,,,,,,,,,,
,,,,,,,,,,
,,,,,,,,,,
,,,,,,,,,,
,,,,,,,,,,
,,,,,,,,,,
,,,,,,,,,,
,,,,,,,,,,
,,,,,,,,,,
,,,,,,,,,,
,,,,,,,,,,
,,,,,,,,,,
,,,,,,,,,,
,,,,,,,,,,
,,,,,,,,,,
,,,,,,,,,,
,,,,,,,,,,
,,,,,,,,,,
,,,,,,,,,,
,,,,,,,,,,
,,,,,,,,,,
,,,,,,,,,,
,,,,,,,,,,
,,,,,,,,,,
,,,,,,,,,,
,,,,,,,,,,
,,,,,,,,,,
,,,,,,,,,,
,,,,,,,,,,
,,,,,,,,,,
,,,,,,,,,,
,,,,,,,,,,
,,,,,,,,,,
,,,,,,,,,,
,,,,,,,,,,
,,,,,,,,,,
,,,,,,,,,,
,,,,,,,,,,
,,,,,,,,,,
,,,,,,,,,,
,,,,,,,,,,
,,,,,,,,,,
,,,,,,,,,,
,,,,,,,,,,
,,,,,,,,,,
,,,,,,,,,,
,,,,,,,,,,
,,,,,,,,,,
,,,,,,,,,,
,,,,,,,,,,
,,,,,,,,,,
,,,,,,,,,,
,,,,,,,,,,
,,,,,,,,,,
,,,,,,,,,,
,,,,,,,,,,
,,,,,,,,,,
,,,,,,,,,,
,,,,,,,,,,
,,,,,,,,,,
,,,,,,,,,,
,,,,,,,,,,
,,,,,,,,,,
,,,,,,,,,,
,,,,,,,,,,
,,,,,,,,,,
,,,,,,,,,,
,,,,,,,,,,
,,,,,,,,,,
,,,,,,,,,,
,,,,,,,,,,
,,,,,,,,,,
,,,,,,,,,,
,,,,,,,,,,
,,,,,,,,,,
,,,,,,,,,,
,,,,,,,,,,
,,,,,,,,,,
,,,,,,,,,,
,,,,,,,,,,
,,,,,,,,,,
,,,,,,,,,,
,,,,,,,,,,
,,,,,,,,,,
,,,,,,,,,,
,,,,,,,,,,
,,,,,,,,,,
,,,,,,,,,,
,,,,,,,,,,
,,,,,,,,,,
,,,,,,,,,,
,,,,,,,,,,
,,,,,,,,,,
,,,,,,,,,,
,,,,,,,,,,
,,,,,,,,,,
,,,,,,,,,,
,,,,,,,,,,
,,,,,,,,,,
,,,,,,,,,,
,,,,,,,,,,
,,,,,,,,,,
,,,,,,,,,,
,,,,,,,,,,
,,,,,,,,,,
,,,,,,,,,,
,,,,,,,,,,
,,,,,,,,,,
,,,,,,,,,,
,,,,,,,,,,
,,,,,,,,,,
,,,,,,,,,,
,,,,,,,,,,
,,,,,,,,,,
,,,,,,,,,,
,,,,,,,,,,
,,,,,,,,,,
,,,,,,,,,,
,,,,,,,,,,
,,,,,,,,,,
,,,,,,,,,,
,,,,,,,,,,
,,,,,,,,,,
,,,,,,,,,,
,,,,,,,,,,
,,,,,,,,,,
,,,,,,,,,,
,,,,,,,,,,
,,,,,,,,,,
,,,,,,,,,,
,,,,,,,,,,
,,,,,,,,,,
,,,,,,,,,,
,,,,,,,,,,
,,,,,,,,,,
,,,,,,,,,,
,,,,,,,,,,
,,,,,,,,,,
,,,,,,,,,,
,,,,,,,,,,
,,,,,,,,,,
,,,,,,,,,,
,,,,,,,,,,
,,,,,,,,,,
,,,,,,,,,,
,,,,,,,,,,
,,,,,,,,,,
,,,,,,,,,,
,,,,,,,,,,
,,,,,,,,,,
,,,,,,,,,,
,,,,,,,,,,
,,,,,,,,,,
,,,,,,,,,,
,,,,,,,,,,
,,,,,,,,,,
,,,,,,,,,,
,,,,,,,,,,
,,,,,,,,,,
,,,,,,,,,,
,,,,,,,,,,
,,,,,,,,,,
,,,,,,,,,,
,,,,,,,,,,
,,,,,,,,,,
,,,,,,,,,,
,,,,,,,,,,
,,,,,,,,,,
,,,,,,,,,,
,,,,,,,,,,
,,,,,,,,,,
,,,,,,,,,,
,,,,,,,,,,
,,,,,,,,,,
,,,,,,,,,,
,,,,,,,,,,
,,,,,,,,,,
,,,,,,,,,,
,,,,,,,,,,
,,,,,,,,,,
,,,,,,,,,,
,,,,,,,,,,
,,,,,,,,,,
,,,,,,,,,,
,,,,,,,,,,
,,,,,,,,,,
,,,,,,,,,,
,,,,,,,,,,
,,,,,,,,,,
,,,,,,,,,,
,,,,,,,,,,
,,,,,,,,,,
,,,,,,,,,,
,,,,,,,,,,
,,,,,,,,,,
,,,,,,,,,,
,,,,,,,,,,
,,,,,,,,,,
,,,,,,,,,,
,,,,,,,,,,
,,,,,,,,,,
,,,,,,,,,,
,,,,,,,,,,
,,,,,,,,,,
,,,,,,,,,,
,,,,,,,,,,
,,,,,,,,,,
,,,,,,,,,,
,,,,,,,,,,
,,,,,,,,,,
,,,,,,,,,,
,,,,,,,,,,
,,,,,,,,,,
,,,,,,,,,,
,,,,,,,,,,
,,,,,,,,,,
,,,,,,,,,,
,,,,,,,,,,
,,,,,,,,,,
,,,,,,,,,,
,,,,,,,,,,
,,,,,,,,,,
,,,,,,,,,,
,,,,,,,,,,
,,,,,,,,,,
,,,,,,,,,,
,,,,,,,,,,
,,,,,,,,,,
,,,,,,,,,,
,,,,,,,,,,
,,,,,,,,,,
,,,,,,,,,,
,,,,,,,,,,
,,,,,,,,,,
,,,,,,,,,,
,,,,,,,,,,
,,,,,,,,,,
,,,,,,,,,,
,,,,,,,,,,
,,,,,,,,,,
,,,,,,,,,,
,,,,,,,,,,
,,,,,,,,,,
,,,,,,,,,,
,,,,,,,,,,
,,,,,,,,,,
,,,,,,,,,,
,,,,,,,,,,
,,,,,,,,,,
,,,,,,,,,,
,,,,,,,,,,
,,,,,,,,,,
,,,,,,,,,,
,,,,,,,,,,
,,,,,,,,,,
,,,,,,,,,,
,,,,,,,,,,
,,,,,,,,,,
,,,,,,,,,,
,,,,,,,,,,
,,,,,,,,,,
,,,,,,,,,,
,,,,,,,,,,
,,,,,,,,,,
,,,,,,,,,,
,,,,,,,,,,
,,,,,,,,,,
,,,,,,,,,,
,,,,,,,,,,
,,,,,,,,,,
,,,,,,,,,,
,,,,,,,,,,
,,,,,,,,,,
,,,,,,,,,,
,,,,,,,,,,
